country departure,country arrival,number of routes
Afghanistan,Afghanistan,6
Afghanistan,Bahrain,1
Afghanistan,China,1
Afghanistan,Germany,1
Afghanistan,India,5
Afghanistan,Iran,8
Afghanistan,Pakistan,2
Afghanistan,Russia,1
Afghanistan,Tajikistan,2
Afghanistan,Turkey,3
Afghanistan,United Arab Emirates,7
Albania,Austria,1
Albania,Belgium,1
Albania,Germany,1
Albania,Greece,7
Albania,Hungary,2
Albania,Italy,22
Albania,Slovenia,1
Albania,Turkey,1
Albania,United Kingdom,2
Algeria,Algeria,58
Algeria,Belgium,1
Algeria,Burkina Faso,1
Algeria,Canada,1
Algeria,China,1
Algeria,Egypt,2
Algeria,France,69
Algeria,Germany,2
Algeria,Italy,3
Algeria,Jordan,1
Algeria,Lebanon,1
Algeria,Mali,1
Algeria,Mauritania,1
Algeria,Morocco,2
Algeria,Niger,1
Algeria,Portugal,1
Algeria,Qatar,1
Algeria,Russia,1
Algeria,Senegal,1
Algeria,Spain,10
Algeria,Switzerland,1
Algeria,Syria,3
Algeria,Tunisia,2
Algeria,Turkey,2
Algeria,United Arab Emirates,1
Algeria,United Kingdom,2
American Samoa,United States of America,1
Angola,Angola,38
Angola,Brazil,2
Angola,China,1
Angola,Congo,8
Angola,Cuba,1
Angola,Egypt,1
Angola,Ethiopia,1
Angola,France,2
Angola,Gabon,1
Angola,Germany,2
Angola,Kenya,2
Angola,Mozambique,2
Angola,Namibia,3
Angola,Nigeria,1
Angola,Portugal,3
Angola,Sao Tome and Principe,1
Angola,South Africa,3
Angola,Spain,2
Angola,United Arab Emirates,2
Angola,United Kingdom,2
Angola,Zimbabwe,1
Anguilla,Antigua and Barbuda,1
Anguilla,Netherlands Antilles,1
Anguilla,Puerto Rico,1
Anguilla,Virgin Islands,1
Antigua and Barbuda,Anguilla,1
Antigua and Barbuda,Barbados,2
Antigua and Barbuda,British Virgin Islands,1
Antigua and Barbuda,Canada,2
Antigua and Barbuda,Dominica,1
Antigua and Barbuda,Dominican Republic,3
Antigua and Barbuda,Guadeloupe,1
Antigua and Barbuda,Jamaica,1
Antigua and Barbuda,Montserrat,1
Antigua and Barbuda,Netherlands Antilles,1
Antigua and Barbuda,Puerto Rico,3
Antigua and Barbuda,Saint Kitts and Nevis,3
Antigua and Barbuda,Saint Lucia,1
Antigua and Barbuda,Trinidad and Tobago,1
Antigua and Barbuda,United Kingdom,2
Antigua and Barbuda,United States of America,7
Argentina,Argentina,145
Argentina,Australia,2
Argentina,Bolivia,6
Argentina,Brazil,27
Argentina,Chile,10
Argentina,Colombia,2
Argentina,Cuba,5
Argentina,Dominican Republic,1
Argentina,Ecuador,1
Argentina,Falkland Islands,1
Argentina,France,1
Argentina,Germany,1
Argentina,Italy,2
Argentina,Mexico,2
Argentina,Netherlands,1
Argentina,New Zealand,1
Argentina,Panama,2
Argentina,Paraguay,4
Argentina,Peru,6
Argentina,South Africa,2
Argentina,Spain,5
Argentina,United Kingdom,1
Argentina,United States of America,13
Argentina,Uruguay,10
Argentina,Venezuela,2
Armenia,Austria,2
Armenia,Belarus,1
Armenia,Cyprus,1
Armenia,Czech Republic,2
Armenia,France,2
Armenia,Georgia,1
Armenia,Greece,1
Armenia,Iran,5
Armenia,Israel,2
Armenia,Kazakhstan,1
Armenia,Lebanon,1
Armenia,Poland,2
Armenia,Russia,35
Armenia,Syria,1
Armenia,Ukraine,2
Armenia,United Arab Emirates,2
Armenia,United Kingdom,3
Aruba,Brazil,1
Aruba,Canada,1
Aruba,Colombia,2
Aruba,Netherlands,1
Aruba,Netherlands Antilles,6
Aruba,Panama,2
Aruba,Suriname,1
Aruba,United States of America,21
Aruba,Venezuela,3
Australia,Argentina,2
Australia,Australia,717
Australia,Brunei,1
Australia,Canada,1
Australia,China,16
Australia,Christmas Island,1
Australia,Cook Islands,1
Australia,East Timor,3
Australia,Fiji,10
Australia,Guam,2
Australia,Hong Kong,12
Australia,Indonesia,22
Australia,Japan,14
Australia,Malaysia,15
Australia,Mauritius,2
Australia,New Caledonia,5
Australia,New Zealand,79
Australia,Norfolk Island,8
Australia,Papua New Guinea,9
Australia,Philippines,5
Australia,Qatar,1
Australia,Reunion,1
Australia,Samoa,2
Australia,Singapore,31
Australia,Solomon Islands,3
Australia,South Africa,4
Australia,South Korea,6
Australia,Taiwan,4
Australia,Thailand,20
Australia,Tonga,1
Australia,United Arab Emirates,10
Australia,United States of America,30
Australia,Vanuatu,9
Australia,Vietnam,6
Austria,Albania,1
Austria,Armenia,2
Austria,Austria,12
Austria,Azerbaijan,2
Austria,Belarus,2
Austria,Belgium,2
Austria,Bosnia and Herzegovina,1
Austria,Bulgaria,6
Austria,Canada,3
Austria,China,2
Austria,Croatia,2
Austria,Cyprus,1
Austria,Czech Republic,3
Austria,Denmark,8
Austria,Dominican Republic,1
Austria,Egypt,13
Austria,Finland,1
Austria,France,9
Austria,Georgia,2
Austria,Germany,69
Austria,Greece,2
Austria,Hungary,1
Austria,India,4
Austria,Iran,2
Austria,Iraq,2
Austria,Ireland,2
Austria,Israel,2
Austria,Italy,16
Austria,Japan,2
Austria,Jordan,3
Austria,Kazakhstan,2
Austria,Latvia,2
Austria,Lithuania,1
Austria,Luxembourg,2
Austria,Macedonia,1
Austria,Maldives,1
Austria,Malta,2
Austria,Moldova,2
Austria,Montenegro,2
Austria,Netherlands,11
Austria,Norway,5
Austria,Poland,4
Austria,Portugal,2
Austria,Qatar,1
Austria,Romania,14
Austria,Russia,22
Austria,Serbia,6
Austria,Slovakia,1
Austria,Slovenia,2
Austria,Spain,24
Austria,Sweden,8
Austria,Switzerland,13
Austria,Syria,1
Austria,Taiwan,1
Austria,Thailand,3
Austria,Tunisia,1
Austria,Turkey,10
Austria,Ukraine,12
Austria,United Arab Emirates,2
Austria,United Kingdom,29
Austria,United States of America,5
Azerbaijan,Austria,2
Azerbaijan,Azerbaijan,2
Azerbaijan,Belarus,2
Azerbaijan,China,2
Azerbaijan,Czech Republic,2
Azerbaijan,France,2
Azerbaijan,Georgia,2
Azerbaijan,Germany,4
Azerbaijan,Iran,2
Azerbaijan,Israel,1
Azerbaijan,Italy,1
Azerbaijan,Kazakhstan,4
Azerbaijan,Kyrgyzstan,1
Azerbaijan,Russia,21
Azerbaijan,Turkey,4
Azerbaijan,Turkmenistan,3
Azerbaijan,Ukraine,3
Azerbaijan,United Arab Emirates,2
Azerbaijan,United Kingdom,3
Azerbaijan,United States of America,1
Azerbaijan,Uzbekistan,1
Bahamas,Bahamas,61
Bahamas,Canada,6
Bahamas,Cayman Islands,1
Bahamas,Cuba,1
Bahamas,Jamaica,1
Bahamas,Panama,1
Bahamas,Turks and Caicos Islands,3
Bahamas,United Kingdom,1
Bahamas,United States of America,71
Bahrain,Afghanistan,1
Bahrain,Bangladesh,1
Bahrain,Cyprus,2
Bahrain,Denmark,1
Bahrain,Egypt,2
Bahrain,Ethiopia,1
Bahrain,France,1
Bahrain,Germany,1
Bahrain,Greece,1
Bahrain,Hong Kong,1
Bahrain,India,8
Bahrain,Italy,2
Bahrain,Jordan,3
Bahrain,Kenya,1
Bahrain,Kuwait,8
Bahrain,Lebanon,2
Bahrain,Malaysia,2
Bahrain,Nepal,2
Bahrain,Netherlands,3
Bahrain,Oman,2
Bahrain,Pakistan,5
Bahrain,Philippines,2
Bahrain,Qatar,11
Bahrain,Saudi Arabia,11
Bahrain,Sri Lanka,2
Bahrain,Sudan,2
Bahrain,Switzerland,1
Bahrain,Syria,2
Bahrain,Thailand,2
Bahrain,Turkey,2
Bahrain,Uganda,1
Bahrain,United Arab Emirates,11
Bahrain,United Kingdom,5
Bahrain,Yemen,4
Bangladesh,Bahrain,1
Bangladesh,Bangladesh,22
Bangladesh,Bhutan,1
Bangladesh,China,2
Bangladesh,Hong Kong,1
Bangladesh,India,9
Bangladesh,Italy,1
Bangladesh,Kuwait,2
Bangladesh,Malaysia,3
Bangladesh,Nepal,4
Bangladesh,Oman,2
Bangladesh,Pakistan,3
Bangladesh,Qatar,2
Bangladesh,Saudi Arabia,6
Bangladesh,Singapore,2
Bangladesh,Sri Lanka,2
Bangladesh,Thailand,6
Bangladesh,United Arab Emirates,14
Bangladesh,United Kingdom,1
Barbados,Antigua and Barbuda,2
Barbados,Brazil,1
Barbados,Canada,3
Barbados,Dominica,1
Barbados,Germany,1
Barbados,Grenada,2
Barbados,Guyana,1
Barbados,Jamaica,1
Barbados,Puerto Rico,1
Barbados,Saint Lucia,1
Barbados,Saint Vincent and the Grenadines,2
Barbados,Trinidad and Tobago,3
Barbados,United Kingdom,6
Barbados,United States of America,5
Belarus,Armenia,1
Belarus,Austria,2
Belarus,Azerbaijan,2
Belarus,Cyprus,1
Belarus,Czech Republic,2
Belarus,Finland,2
Belarus,France,1
Belarus,Georgia,2
Belarus,Germany,4
Belarus,Iran,1
Belarus,Israel,1
Belarus,Italy,2
Belarus,Kazakhstan,1
Belarus,Latvia,2
Belarus,Lebanon,1
Belarus,Netherlands,1
Belarus,Poland,2
Belarus,Russia,9
Belarus,Sweden,1
Belarus,Turkey,2
Belarus,Turkmenistan,1
Belarus,Ukraine,2
Belarus,United Arab Emirates,1
Belarus,United Kingdom,1
Belgium,Albania,1
Belgium,Algeria,1
Belgium,Angola,7
Belgium,Austria,2
Belgium,Bulgaria,2
Belgium,Burkina Faso,6
Belgium,Burundi,6
Belgium,Cameroon,11
Belgium,Canada,8
Belgium,China,2
Belgium,Cote d'Ivoire,6
Belgium,Croatia,2
Belgium,Cyprus,1
Belgium,Czech Republic,2
Belgium,Denmark,4
Belgium,Egypt,3
Belgium,Estonia,2
Belgium,Finland,5
Belgium,France,18
Belgium,Gambia,6
Belgium,Germany,14
Belgium,Ghana,4
Belgium,Greece,4
Belgium,Hungary,3
Belgium,India,6
Belgium,Ireland,2
Belgium,Israel,2
Belgium,Italy,29
Belgium,Jordan,1
Belgium,Latvia,3
Belgium,Lebanon,2
Belgium,Liberia,6
Belgium,Lithuania,4
Belgium,Mali,4
Belgium,Malta,2
Belgium,Morocco,11
Belgium,Netherlands,3
Belgium,Norway,3
Belgium,Poland,7
Belgium,Portugal,9
Belgium,Qatar,1
Belgium,Romania,3
Belgium,Russia,2
Belgium,Rwanda,7
Belgium,Senegal,1
Belgium,Serbia,4
Belgium,Slovakia,1
Belgium,Slovenia,2
Belgium,Spain,28
Belgium,Sweden,7
Belgium,Switzerland,6
Belgium,Thailand,1
Belgium,Tunisia,2
Belgium,Turkey,3
Belgium,Ukraine,2
Belgium,United Arab Emirates,4
Belgium,United Kingdom,25
Belgium,United States of America,22
Belize,Belize,30
Belize,El Salvador,2
Belize,United States of America,9
Benin,Burkina Faso,9
Benin,Cameroon,8
Benin,Chad,1
Benin,Congo,3
Benin,Congo,3
Benin,Cote d'Ivoire,3
Benin,Equatorial Guinea,2
Benin,France,1
Benin,Gabon,5
Benin,Kenya,1
Benin,Mali,2
Benin,Morocco,1
Benin,Nigeria,3
Benin,Senegal,1
Benin,Togo,2
Bermuda,Canada,2
Bermuda,United Kingdom,1
Bermuda,United States of America,8
Bhutan,Bangladesh,1
Bhutan,India,5
Bhutan,Nepal,1
Bolivia,Argentina,5
Bolivia,Bolivia,104
Bolivia,Brazil,4
Bolivia,Chile,3
Bolivia,Colombia,1
Bolivia,Panama,1
Bolivia,Paraguay,2
Bolivia,Peru,7
Bolivia,Spain,1
Bolivia,United States of America,2
Bosnia and Herzegovina,Austria,1
Bosnia and Herzegovina,Bosnia and Herzegovina,2
Bosnia and Herzegovina,Croatia,1
Bosnia and Herzegovina,Denmark,1
Bosnia and Herzegovina,Germany,2
Bosnia and Herzegovina,Hungary,1
Bosnia and Herzegovina,Netherlands,1
Bosnia and Herzegovina,Serbia,1
Bosnia and Herzegovina,Slovenia,1
Bosnia and Herzegovina,Switzerland,1
Bosnia and Herzegovina,Turkey,2
Botswana,Botswana,8
Botswana,Kenya,2
Botswana,South Africa,5
Botswana,Zambia,1
Botswana,Zimbabwe,1
Brazil,Angola,2
Brazil,Argentina,27
Brazil,Barbados,1
Brazil,Bolivia,5
Brazil,Brazil,1778
Brazil,Canada,2
Brazil,Cape Verde,1
Brazil,Chile,6
Brazil,Colombia,4
Brazil,France,4
Brazil,French Guiana,1
Brazil,Germany,14
Brazil,Italy,4
Brazil,Mexico,2
Brazil,Netherlands,2
Brazil,Netherlands Antilles,1
Brazil,Panama,7
Brazil,Paraguay,6
Brazil,Peru,7
Brazil,Portugal,18
Brazil,Qatar,1
Brazil,South Africa,1
Brazil,Spain,9
Brazil,Switzerland,1
Brazil,Turkey,1
Brazil,United Arab Emirates,2
Brazil,United Kingdom,6
Brazil,United States of America,52
Brazil,Uruguay,15
Brazil,Venezuela,2
British Virgin Islands,Antigua and Barbuda,1
British Virgin Islands,Dominica,1
British Virgin Islands,Netherlands Antilles,2
British Virgin Islands,Puerto Rico,4
British Virgin Islands,Virgin Islands,1
Brunei,Australia,1
Brunei,China,1
Brunei,Hong Kong,2
Brunei,Indonesia,4
Brunei,Malaysia,4
Brunei,Philippines,2
Brunei,Saudi Arabia,1
Brunei,Singapore,2
Brunei,Thailand,2
Brunei,United Arab Emirates,1
Bulgaria,Austria,6
Bulgaria,Belgium,2
Bulgaria,Bulgaria,2
Bulgaria,Cyprus,3
Bulgaria,Czech Republic,2
Bulgaria,France,3
Bulgaria,Germany,9
Bulgaria,Greece,5
Bulgaria,Hungary,4
Bulgaria,Israel,2
Bulgaria,Italy,8
Bulgaria,Lebanon,1
Bulgaria,Netherlands,3
Bulgaria,Poland,2
Bulgaria,Romania,3
Bulgaria,Russia,5
Bulgaria,Spain,7
Bulgaria,Switzerland,1
Bulgaria,Turkey,1
Bulgaria,Ukraine,2
Bulgaria,United Kingdom,9
Burkina Faso,Algeria,1
Burkina Faso,Belgium,6
Burkina Faso,Benin,9
Burkina Faso,Burkina Faso,2
Burkina Faso,Cote d'Ivoire,4
Burkina Faso,Ethiopia,1
Burkina Faso,France,1
Burkina Faso,Ghana,1
Burkina Faso,Kenya,1
Burkina Faso,Mali,4
Burkina Faso,Morocco,1
Burkina Faso,Niger,7
Burkina Faso,Senegal,1
Burkina Faso,Togo,2
Myanmar,Myanmar,51
Myanmar,Cambodia,1
Myanmar,China,7
Myanmar,India,3
Myanmar,Malaysia,3
Myanmar,Singapore,4
Myanmar,Taiwan,1
Myanmar,Thailand,6
Myanmar,Vietnam,2
Burundi,Kenya,9
Burundi,Rwanda,5
Cambodia,Myanmar,1
Cambodia,Cambodia,8
Cambodia,China,7
Cambodia,Hong Kong,1
Cambodia,Laos,6
Cambodia,Malaysia,4
Cambodia,Singapore,5
Cambodia,South Korea,5
Cambodia,Taiwan,2
Cambodia,Thailand,5
Cambodia,Vietnam,7
Cameroon,Belgium,7
Cameroon,Benin,8
Cameroon,Cameroon,15
Cameroon,Central African Republic,8
Cameroon,Chad,4
Cameroon,Congo,1
Cameroon,Congo,14
Cameroon,Equatorial Guinea,4
Cameroon,Ethiopia,2
Cameroon,France,4
Cameroon,Gabon,6
Cameroon,Kenya,2
Cameroon,Morocco,2
Cameroon,Nigeria,2
Cameroon,Sao Tome and Principe,1
Cameroon,Switzerland,3
Canada,Algeria,1
Canada,Antigua and Barbuda,2
Canada,Aruba,1
Canada,Australia,1
Canada,Austria,3
Canada,Bahamas,6
Canada,Barbados,3
Canada,Belgium,7
Canada,Bermuda,2
Canada,Brazil,2
Canada,Canada,1090
Canada,Cayman Islands,2
Canada,Chile,1
Canada,China,12
Canada,Colombia,2
Canada,Costa Rica,1
Canada,Cuba,36
Canada,Denmark,3
Canada,Dominican Republic,17
Canada,El Salvador,1
Canada,France,13
Canada,Germany,19
Canada,Grenada,2
Canada,Guadeloupe,1
Canada,Haiti,1
Canada,Hong Kong,6
Canada,India,1
Canada,Israel,2
Canada,Italy,2
Canada,Jamaica,16
Canada,Japan,6
Canada,Jordan,3
Canada,Martinique,1
Canada,Mexico,86
Canada,Morocco,1
Canada,Netherlands,8
Canada,Netherlands Antilles,3
Canada,New Zealand,2
Canada,Pakistan,3
Canada,Panama,1
Canada,Peru,1
Canada,Philippines,1
Canada,Poland,2
Canada,Portugal,5
Canada,Puerto Rico,3
Canada,Qatar,1
Canada,Russia,1
Canada,Saint Kitts and Nevis,1
Canada,Saint Lucia,3
Canada,Saint Pierre and Miquelon,3
Canada,South Korea,4
Canada,Switzerland,9
Canada,Taiwan,3
Canada,Trinidad and Tobago,1
Canada,Turkey,1
Canada,Turks and Caicos Islands,4
Canada,Ukraine,1
Canada,United Arab Emirates,2
Canada,United Kingdom,44
Canada,United States of America,399
Canada,Venezuela,1
Canada,Virgin Islands,1
Cape Verde,Cape Verde,32
Cape Verde,France,2
Cape Verde,Germany,1
Cape Verde,Luxembourg,1
Cape Verde,Netherlands,1
Cape Verde,Portugal,7
Cape Verde,Sao Tome and Principe,1
Cape Verde,Senegal,2
Cape Verde,Spain,4
Cape Verde,United Kingdom,8
Cape Verde,United States of America,1
Cayman Islands,Bahamas,1
Cayman Islands,Canada,2
Cayman Islands,Cayman Islands,6
Cayman Islands,Cuba,1
Cayman Islands,Honduras,2
Cayman Islands,Jamaica,2
Cayman Islands,United States of America,18
Central African Republic,Cameroon,8
Central African Republic,Chad,1
Central African Republic,Congo,1
Central African Republic,Ethiopia,2
Central African Republic,France,1
Central African Republic,Kenya,1
Chad,Benin,1
Chad,Cameroon,3
Chad,Central African Republic,1
Chad,Chad,2
Chad,Ethiopia,1
Chad,France,1
Chad,Kenya,1
Chad,Nigeria,1
Chad,Sudan,1
Chile,Argentina,12
Chile,Bolivia,3
Chile,Brazil,6
Chile,Canada,1
Chile,Chile,124
Chile,Colombia,2
Chile,Dominican Republic,1
Chile,Ecuador,1
Chile,France,2
Chile,French Polynesia,1
Chile,Mexico,3
Chile,New Zealand,2
Chile,Panama,1
Chile,Paraguay,2
Chile,Peru,11
Chile,Spain,2
Chile,United States of America,10
Chile,Uruguay,2
Chile,Venezuela,1
China,Afghanistan,1
China,Algeria,1
China,Angola,1
China,Australia,16
China,Austria,2
China,Azerbaijan,2
China,Bangladesh,2
China,Belgium,2
China,Brunei,1
China,Myanmar,7
China,Cambodia,7
China,Canada,12
China,China,5381
China,Denmark,2
China,Egypt,4
China,Ethiopia,1
China,Finland,4
China,France,7
China,Georgia,1
China,Germany,17
China,Hong Kong,107
China,Hungary,2
China,India,8
China,Indonesia,7
China,Iran,3
China,Israel,2
China,Italy,7
China,Japan,146
China,Kazakhstan,5
China,Korea,3
China,Kyrgyzstan,4
China,Laos,4
China,Macau,37
China,Malaysia,22
China,Maldives,3
China,Mexico,1
China,Mongolia,3
China,Nepal,3
China,Netherlands,13
China,New Zealand,5
China,Northern Mariana Islands,2
China,Pakistan,5
China,Philippines,19
China,Qatar,4
China,Russia,34
China,Saudi Arabia,1
China,Singapore,37
China,South Korea,120
China,Spain,1
China,Sri Lanka,1
China,Sweden,2
China,Switzerland,2
China,Taiwan,165
China,Tajikistan,4
China,Thailand,42
China,Turkey,7
China,Turkmenistan,1
China,Ukraine,2
China,United Arab Emirates,13
China,United Kingdom,7
China,United States of America,49
China,Uzbekistan,2
China,Vietnam,15
Christmas Island,Australia,1
Christmas Island,Cocos Islands,1
Cocos Islands,Christmas Island,1
Colombia,Argentina,2
Colombia,Aruba,2
Colombia,Bolivia,1
Colombia,Brazil,4
Colombia,Canada,2
Colombia,Chile,2
Colombia,Colombia,297
Colombia,Costa Rica,4
Colombia,Cuba,2
Colombia,Dominican Republic,2
Colombia,Ecuador,10
Colombia,El Salvador,2
Colombia,France,1
Colombia,Germany,2
Colombia,Mexico,4
Colombia,Netherlands Antilles,2
Colombia,Panama,12
Colombia,Peru,3
Colombia,Spain,5
Colombia,United States of America,27
Colombia,Venezuela,5
Comoros,Comoros,1
Comoros,Djibouti,1
Comoros,Kenya,2
Comoros,Madagascar,4
Comoros,Mayotte,3
Comoros,Reunion,1
Comoros,Tanzania,1
Comoros,Yemen,1
Congo,Benin,3
Congo,Cameroon,1
Congo,4
Congo,Ethiopia,1
Congo,France,1
Congo,Gabon,2
Congo,Morocco,1
Congo,Angola,1
Congo,Belgium,7
Congo,Benin,2
Congo,Cameroon,10
Congo,Central African Republic,1
Congo,4
Congo,6
Congo,Ethiopia,2
Congo,France,2
Congo,Gabon,4
Congo,Kenya,4
Congo,Malawi,1
Congo,Morocco,2
Congo,Rwanda,1
Congo,South Africa,3
Congo,Zambia,3
Congo,Zimbabwe,1
Cook Islands,Australia,1
Cook Islands,Cook Islands,14
Cook Islands,French Polynesia,1
Cook Islands,New Zealand,2
Cook Islands,United States of America,3
Costa Rica,Canada,1
Costa Rica,Colombia,4
Costa Rica,Costa Rica,64
Costa Rica,Cuba,2
Costa Rica,Dominican Republic,2
Costa Rica,Ecuador,1
Costa Rica,El Salvador,4
Costa Rica,Guatemala,3
Costa Rica,Honduras,5
Costa Rica,Mexico,3
Costa Rica,Nicaragua,3
Costa Rica,Panama,4
Costa Rica,Peru,3
Costa Rica,Spain,1
Costa Rica,United States of America,38
Costa Rica,Venezuela,2
Cote d'Ivoire,Belgium,6
Cote d'Ivoire,Benin,3
Cote d'Ivoire,Burkina Faso,4
Cote d'Ivoire,France,2
Cote d'Ivoire,Ghana,3
Cote d'Ivoire,Guinea,3
Cote d'Ivoire,Kenya,1
Cote d'Ivoire,Liberia,5
Cote d'Ivoire,Mali,4
Cote d'Ivoire,Morocco,1
Cote d'Ivoire,Nigeria,1
Cote d'Ivoire,Senegal,2
Cote d'Ivoire,Togo,7
Cote d'Ivoire,Tunisia,1
Croatia,Austria,2
Croatia,Belgium,2
Croatia,Bosnia and Herzegovina,1
Croatia,Croatia,8
Croatia,Czech Republic,1
Croatia,Denmark,2
Croatia,France,4
Croatia,Germany,15
Croatia,Hungary,1
Croatia,Italy,4
Croatia,Macedonia,1
Croatia,Montenegro,1
Croatia,Netherlands,1
Croatia,Russia,1
Croatia,Serbia,1
Croatia,Switzerland,2
Croatia,Turkey,2
Croatia,United Kingdom,6
Cuba,Angola,1
Cuba,Argentina,1
Cuba,Bahamas,1
Cuba,Canada,36
Cuba,Cayman Islands,1
Cuba,Colombia,2
Cuba,Costa Rica,2
Cuba,Cuba,38
Cuba,Dominican Republic,4
Cuba,El Salvador,1
Cuba,France,3
Cuba,Germany,6
Cuba,Haiti,1
Cuba,Italy,5
Cuba,Jamaica,1
Cuba,Martinique,1
Cuba,Mexico,8
Cuba,Netherlands,1
Cuba,Nicaragua,1
Cuba,Panama,2
Cuba,Peru,1
Cuba,Russia,3
Cuba,Spain,3
Cuba,United Kingdom,4
Cuba,Venezuela,2
Cyprus,Armenia,1
Cyprus,Austria,1
Cyprus,Bahrain,2
Cyprus,Belarus,1
Cyprus,Belgium,1
Cyprus,Bulgaria,3
Cyprus,Czech Republic,1
Cyprus,Egypt,1
Cyprus,France,1
Cyprus,Germany,8
Cyprus,Greece,9
Cyprus,Hungary,1
Cyprus,Israel,3
Cyprus,Italy,5
Cyprus,Jordan,1
Cyprus,Lebanon,2
Cyprus,Malta,2
Cyprus,Netherlands,2
Cyprus,Norway,1
Cyprus,Poland,1
Cyprus,Romania,2
Cyprus,Russia,6
Cyprus,Serbia,1
Cyprus,Spain,1
Cyprus,Switzerland,1
Cyprus,Syria,3
Cyprus,Turkey,14
Cyprus,Ukraine,1
Cyprus,United Arab Emirates,4
Cyprus,United Kingdom,20
Czech Republic,Armenia,2
Czech Republic,Austria,3
Czech Republic,Azerbaijan,2
Czech Republic,Belarus,2
Czech Republic,Belgium,2
Czech Republic,Bulgaria,2
Czech Republic,Croatia,1
Czech Republic,Cyprus,1
Czech Republic,Czech Republic,4
Czech Republic,Denmark,3
Czech Republic,Estonia,1
Czech Republic,Finland,2
Czech Republic,France,8
Czech Republic,Georgia,1
Czech Republic,Germany,11
Czech Republic,Greece,1
Czech Republic,Hungary,3
Czech Republic,Ireland,1
Czech Republic,Israel,3
Czech Republic,Italy,16
Czech Republic,Kazakhstan,1
Czech Republic,Latvia,1
Czech Republic,Lebanon,1
Czech Republic,Lithuania,1
Czech Republic,Macedonia,1
Czech Republic,Netherlands,6
Czech Republic,Norway,2
Czech Republic,Poland,7
Czech Republic,Portugal,1
Czech Republic,Romania,1
Czech Republic,Russia,28
Czech Republic,Slovakia,3
Czech Republic,Slovenia,1
Czech Republic,South Korea,2
Czech Republic,Spain,9
Czech Republic,Sweden,4
Czech Republic,Switzerland,3
Czech Republic,Turkey,1
Czech Republic,Ukraine,6
Czech Republic,United Arab Emirates,4
Czech Republic,United Kingdom,11
Czech Republic,United States of America,2
Denmark,Austria,8
Denmark,Bahrain,1
Denmark,Belgium,4
Denmark,Bosnia and Herzegovina,1
Denmark,Canada,3
Denmark,China,2
Denmark,Croatia,2
Denmark,Czech Republic,3
Denmark,Denmark,20
Denmark,Egypt,2
Denmark,Estonia,2
Denmark,Faroe Islands,2
Denmark,Finland,8
Denmark,France,12
Denmark,Germany,25
Denmark,Greece,2
Denmark,Greenland,1
Denmark,Hungary,2
Denmark,Iceland,2
Denmark,Iran,1
Denmark,Ireland,2
Denmark,Italy,7
Denmark,Japan,2
Denmark,Latvia,4
Denmark,Lithuania,2
Denmark,Luxembourg,1
Denmark,Montenegro,1
Denmark,Morocco,2
Denmark,Netherlands,8
Denmark,Norway,23
Denmark,Pakistan,1
Denmark,Poland,6
Denmark,Portugal,5
Denmark,Qatar,1
Denmark,Romania,1
Denmark,Russia,4
Denmark,Serbia,2
Denmark,Singapore,2
Denmark,Slovenia,2
Denmark,Spain,21
Denmark,Sweden,11
Denmark,Switzerland,8
Denmark,Thailand,3
Denmark,Turkey,2
Denmark,Ukraine,3
Denmark,United Arab Emirates,2
Denmark,United Kingdom,25
Denmark,United States of America,8
Djibouti,Comoros,1
Djibouti,Ethiopia,5
Djibouti,Kenya,2
Djibouti,Saudi Arabia,1
Djibouti,Somalia,2
Djibouti,United Arab Emirates,2
Djibouti,Yemen,3
Dominica,Antigua and Barbuda,1
Dominica,Barbados,1
Dominica,Guadeloupe,1
Dominica,Netherlands Antilles,2
Dominica,Puerto Rico,1
Dominica,Saint Lucia,1
Dominica,Venezuela,1
Dominican Republic,Antigua and Barbuda,2
Dominican Republic,Argentina,1
Dominican Republic,Austria,1
Dominican Republic,Canada,16
Dominican Republic,Chile,1
Dominican Republic,Colombia,2
Dominican Republic,Costa Rica,2
Dominican Republic,Cuba,2
Dominican Republic,France,6
Dominican Republic,Germany,9
Dominican Republic,Guadeloupe,2
Dominican Republic,Haiti,2
Dominican Republic,Jamaica,1
Dominican Republic,Martinique,2
Dominican Republic,Netherlands,2
Dominican Republic,Netherlands Antilles,4
Dominican Republic,Panama,4
Dominican Republic,Peru,2
Dominican Republic,Puerto Rico,5
Dominican Republic,Russia,4
Dominican Republic,Spain,8
Dominican Republic,Switzerland,1
Dominican Republic,Turks and Caicos Islands,2
Dominican Republic,United Kingdom,3
Dominican Republic,United States of America,43
Dominican Republic,Venezuela,1
East Timor,Australia,3
East Timor,Singapore,1
Ecuador,Argentina,1
Ecuador,Chile,1
Ecuador,Colombia,10
Ecuador,Costa Rica,1
Ecuador,Ecuador,67
Ecuador,El Salvador,1
Ecuador,Netherlands,2
Ecuador,Panama,4
Ecuador,Peru,4
Ecuador,Spain,2
Ecuador,United States of America,10
Ecuador,Venezuela,4
Egypt,Algeria,2
Egypt,Angola,1
Egypt,Austria,11
Egypt,Bahrain,2
Egypt,Belgium,2
Egypt,China,4
Egypt,Cyprus,1
Egypt,Denmark,2
Egypt,Egypt,47
Egypt,Eritrea,1
Egypt,Ethiopia,2
Egypt,France,4
Egypt,Germany,34
Egypt,Ghana,1
Egypt,Greece,3
Egypt,Hungary,1
Egypt,India,1
Egypt,Iraq,2
Egypt,Israel,1
Egypt,Italy,11
Egypt,Jordan,5
Egypt,Kenya,1
Egypt,Kuwait,17
Egypt,Lebanon,3
Egypt,Libya,5
Egypt,Malta,1
Egypt,Morocco,2
Egypt,Netherlands,5
Egypt,Nigeria,3
Egypt,Oman,2
Egypt,Poland,2
Egypt,Qatar,4
Egypt,Romania,1
Egypt,Russia,9
Egypt,Saudi Arabia,32
Egypt,South Africa,2
Egypt,South Sudan,1
Egypt,Spain,5
Egypt,Sudan,5
Egypt,Switzerland,11
Egypt,Syria,5
Egypt,Tanzania,1
Egypt,Thailand,3
Egypt,Tunisia,2
Egypt,Turkey,4
Egypt,Uganda,1
Egypt,United Arab Emirates,14
Egypt,United Kingdom,45
Egypt,United States of America,2
Egypt,Uzbekistan,1
Egypt,Yemen,5
El Salvador,Belize,2
El Salvador,Canada,1
El Salvador,Colombia,2
El Salvador,Costa Rica,4
El Salvador,Cuba,1
El Salvador,Ecuador,1
El Salvador,Guatemala,3
El Salvador,Honduras,4
El Salvador,Mexico,2
El Salvador,Nicaragua,4
El Salvador,Panama,2
El Salvador,Peru,2
El Salvador,Spain,2
El Salvador,United States of America,32
Equatorial Guinea,Benin,2
Equatorial Guinea,Cameroon,4
Equatorial Guinea,Equatorial Guinea,4
Equatorial Guinea,Ethiopia,2
Equatorial Guinea,France,1
Equatorial Guinea,Gabon,2
Equatorial Guinea,Morocco,1
Equatorial Guinea,Nigeria,1
Equatorial Guinea,Spain,2
Eritrea,Egypt,1
Eritrea,Saudi Arabia,3
Eritrea,Sudan,2
Eritrea,Yemen,1
Estonia,Belgium,2
Estonia,Czech Republic,1
Estonia,Denmark,2
Estonia,Estonia,6
Estonia,Finland,11
Estonia,Germany,4
Estonia,Ireland,1
Estonia,Italy,1
Estonia,Latvia,1
Estonia,Lithuania,1
Estonia,Netherlands,2
Estonia,Norway,5
Estonia,Poland,1
Estonia,Russia,4
Estonia,Spain,1
Estonia,Sweden,5
Estonia,Ukraine,2
Estonia,United Kingdom,4
Ethiopia,Angola,1
Ethiopia,Bahrain,1
Ethiopia,Burkina Faso,1
Ethiopia,Cameroon,2
Ethiopia,Central African Republic,2
Ethiopia,Chad,1
Ethiopia,China,1
Ethiopia,Congo,1
Ethiopia,Congo,2
Ethiopia,Djibouti,4
Ethiopia,Egypt,2
Ethiopia,Equatorial Guinea,2
Ethiopia,Ethiopia,40
Ethiopia,France,1
Ethiopia,Gabon,1
Ethiopia,Germany,2
Ethiopia,Ghana,1
Ethiopia,India,5
Ethiopia,Israel,1
Ethiopia,Italy,5
Ethiopia,Kenya,7
Ethiopia,Kuwait,2
Ethiopia,Lebanon,2
Ethiopia,Malawi,1
Ethiopia,Mozambique,1
Ethiopia,Nigeria,2
Ethiopia,Saudi Arabia,4
Ethiopia,South Africa,3
Ethiopia,South Sudan,2
Ethiopia,Sudan,6
Ethiopia,Tanzania,8
Ethiopia,Thailand,2
Ethiopia,Togo,2
Ethiopia,Turkey,2
Ethiopia,Uganda,6
Ethiopia,United Arab Emirates,3
Ethiopia,United Kingdom,2
Ethiopia,Yemen,1
Ethiopia,Zambia,1
Ethiopia,Zimbabwe,1
Falkland Islands,Chile,1
Faroe Islands,Denmark,2
Faroe Islands,Iceland,1
Fiji,Australia,10
Fiji,Fiji,26
Fiji,Hong Kong,2
Fiji,Kiribati,3
Fiji,New Caledonia,1
Fiji,New Zealand,6
Fiji,Samoa,2
Fiji,Solomon Islands,2
Fiji,South Korea,1
Fiji,Tonga,2
Fiji,Tuvalu,1
Fiji,United States of America,7
Fiji,Vanuatu,3
Fiji,Wallis and Futuna,1
Finland,Austria,1
Finland,Belarus,2
Finland,Belgium,5
Finland,China,4
Finland,Czech Republic,2
Finland,Denmark,8
Finland,Estonia,11
Finland,Finland,74
Finland,France,3
Finland,Germany,21
Finland,Hong Kong,1
Finland,Hungary,2
Finland,Iceland,2
Finland,India,1
Finland,Italy,5
Finland,Japan,6
Finland,Latvia,7
Finland,Lithuania,2
Finland,Netherlands,3
Finland,Norway,4
Finland,Poland,4
Finland,Portugal,1
Finland,Russia,7
Finland,Singapore,1
Finland,South Korea,1
Finland,Spain,14
Finland,Sweden,21
Finland,Switzerland,7
Finland,Thailand,1
Finland,Turkey,1
Finland,Ukraine,2
Finland,United Arab Emirates,2
Finland,United Kingdom,6
Finland,United States of America,2
France,Algeria,69
France,Angola,2
France,Argentina,1
France,Armenia,2
France,Austria,9
France,Azerbaijan,2
France,Bahrain,1
France,Belarus,1
France,Belgium,17
France,Benin,1
France,Brazil,4
France,Bulgaria,3
France,Burkina Faso,3
France,Cameroon,5
France,Canada,13
France,Cape Verde,2
France,Central African Republic,1
France,Chad,1
France,Chile,2
France,China,7
France,Colombia,1
France,Congo,1
France,Congo,2
France,Cote d'Ivoire,2
France,Croatia,4
France,Cuba,3
France,Cyprus,1
France,Czech Republic,8
France,Denmark,12
France,Dominican Republic,6
France,Egypt,5
France,Equatorial Guinea,1
France,Ethiopia,1
France,Finland,3
France,France,372
France,French Guiana,2
France,Gabon,1
France,Georgia,1
France,Germany,56
France,Greece,5
France,Guadeloupe,7
France,Guernsey,1
France,Guinea,1
France,Haiti,1
France,Hong Kong,3
France,Hungary,3
France,Iceland,1
France,India,4
France,Iran,1
France,Ireland,10
France,Israel,4
France,Italy,87
France,Japan,6
France,Jordan,3
France,Kenya,2
France,Latvia,1
France,Lebanon,3
France,Lithuania,1
France,Luxembourg,3
France,Madagascar,3
France,Malaysia,2
France,Maldives,1
France,Mali,2
France,Malta,2
France,Martinique,4
France,Mauritania,1
France,Mauritius,3
France,Mayotte,1
France,Mexico,5
France,Monaco,2
France,Montenegro,1
France,Morocco,62
France,Netherlands,26
France,Netherlands Antilles,6
France,Niger,3
France,Nigeria,1
France,Norway,7
France,Oman,1
France,Pakistan,2
France,Peru,1
France,Poland,11
France,Portugal,31
France,Puerto Rico,1
France,Qatar,1
France,Reunion,6
France,Romania,8
France,Russia,8
France,Saudi Arabia,4
France,Senegal,3
France,Serbia,2
France,Singapore,3
France,Slovakia,1
France,Slovenia,3
France,South Africa,3
France,South Korea,3
France,Spain,83
France,Sri Lanka,1
France,Sweden,11
France,Switzerland,16
France,Syria,2
France,Taiwan,1
France,Thailand,4
France,Togo,1
France,Tunisia,31
France,Turkey,9
France,Ukraine,2
France,United Arab Emirates,6
France,United Kingdom,122
France,United States of America,78
France,Uzbekistan,1
France,Venezuela,1
France,Vietnam,6
France,Virgin Islands,1
French Guiana,Brazil,1
French Guiana,France,2
French Guiana,Martinique,2
French Polynesia,Cook Islands,1
French Polynesia,French Polynesia,102
French Polynesia,Japan,2
French Polynesia,New Caledonia,1
French Polynesia,New Zealand,3
French Polynesia,United States of America,6
Gabon,Angola,1
Gabon,Benin,5
Gabon,Cameroon,4
Gabon,Congo,2
Gabon,Congo,4
Gabon,Equatorial Guinea,2
Gabon,Ethiopia,1
Gabon,France,1
Gabon,Germany,1
Gabon,Kenya,1
Gabon,Morocco,1
Gabon,Nigeria,1
Gabon,Sao Tome and Principe,1
Gabon,South Africa,1
Gabon,Togo,1
Gambia,Belgium,6
Gambia,Germany,1
Gambia,Ghana,1
Gambia,Guinea,7
Gambia,Guinea-Bissau,1
Gambia,Morocco,1
Gambia,Senegal,3
Gambia,Sierra Leone,6
Gambia,Spain,1
Gambia,United Kingdom,3
Georgia,Armenia,1
Georgia,Austria,2
Georgia,Azerbaijan,2
Georgia,Belarus,2
Georgia,China,1
Georgia,Czech Republic,1
Georgia,Georgia,2
Georgia,Germany,2
Georgia,Greece,1
Georgia,Israel,1
Georgia,Kazakhstan,1
Georgia,Latvia,2
Georgia,Poland,1
Georgia,Russia,4
Georgia,Turkey,4
Georgia,Ukraine,6
Georgia,United Arab Emirates,2
Germany,Afghanistan,1
Germany,Albania,1
Germany,Algeria,2
Germany,Angola,2
Germany,Antigua and Barbuda,1
Germany,Argentina,1
Germany,Austria,70
Germany,Azerbaijan,4
Germany,Bahrain,1
Germany,Barbados,1
Germany,Belarus,4
Germany,Belgium,14
Germany,Bosnia and Herzegovina,2
Germany,Brazil,13
Germany,Bulgaria,11
Germany,Canada,19
Germany,Cape Verde,1
Germany,China,17
Germany,Colombia,2
Germany,Croatia,15
Germany,Cuba,6
Germany,Cyprus,7
Germany,Czech Republic,11
Germany,Denmark,25
Germany,Dominican Republic,9
Germany,Egypt,41
Germany,Estonia,4
Germany,Ethiopia,2
Germany,Finland,21
Germany,France,55
Germany,Gabon,1
Germany,Gambia,1
Germany,Georgia,2
Germany,Germany,218
Germany,Ghana,1
Germany,Greece,21
Germany,Hong Kong,3
Germany,Hungary,19
Germany,Iceland,2
Germany,India,16
Germany,Iran,5
Germany,Iraq,2
Germany,Ireland,12
Germany,Israel,12
Germany,Italy,140
Germany,Jamaica,2
Germany,Japan,9
Germany,Jordan,7
Germany,Kazakhstan,5
Germany,Kenya,4
Germany,Kuwait,2
Germany,Latvia,9
Germany,Lebanon,2
Germany,Lithuania,5
Germany,Luxembourg,10
Germany,Macedonia,1
Germany,Malaysia,1
Germany,Maldives,3
Germany,Malta,8
Germany,Mauritius,3
Germany,Mexico,4
Germany,Moldova,2
Germany,Montenegro,1
Germany,Morocco,14
Germany,Namibia,2
Germany,Netherlands,25
Germany,Netherlands Antilles,1
Germany,Nigeria,5
Germany,Norway,22
Germany,Oman,2
Germany,Pakistan,1
Germany,Poland,55
Germany,Portugal,28
Germany,Puerto Rico,1
Germany,Qatar,7
Germany,Romania,24
Germany,Russia,59
Germany,Saint Lucia,1
Germany,Saudi Arabia,9
Germany,Serbia,23
Germany,Seychelles,1
Germany,Singapore,9
Germany,Slovenia,4
Germany,South Africa,6
Germany,South Korea,3
Germany,Spain,232
Germany,Sri Lanka,1
Germany,Sweden,30
Germany,Switzerland,48
Germany,Syria,1
Germany,Taiwan,1
Germany,Tajikistan,1
Germany,Tanzania,1
Germany,Thailand,9
Germany,Trinidad and Tobago,1
Germany,Tunisia,17
Germany,Turkey,70
Germany,Turkmenistan,1
Germany,Ukraine,13
Germany,United Arab Emirates,18
Germany,United Kingdom,119
Germany,United States of America,115
Germany,Uzbekistan,1
Germany,Venezuela,1
Germany,Vietnam,4
Ghana,Burkina Faso,1
Ghana,Cote d'Ivoire,3
Ghana,Egypt,1
Ghana,Ethiopia,1
Ghana,Gambia,1
Ghana,Germany,1
Ghana,Ghana,12
Ghana,Italy,1
Ghana,Kenya,1
Ghana,Liberia,7
Ghana,Mali,5
Ghana,Morocco,1
Ghana,Namibia,1
Ghana,Netherlands,1
Ghana,Nigeria,6
Ghana,Portugal,1
Ghana,Sierra Leone,1
Ghana,South Africa,1
Ghana,Togo,6
Ghana,Turkey,1
Ghana,United Arab Emirates,1
Ghana,United Kingdom,2
Ghana,United States of America,5
Gibraltar,United Kingdom,5
Greece,Albania,7
Greece,Armenia,1
Greece,Austria,2
Greece,Bahrain,1
Greece,Belgium,4
Greece,Bulgaria,5
Greece,Cyprus,8
Greece,Czech Republic,1
Greece,Denmark,2
Greece,Egypt,3
Greece,France,5
Greece,Georgia,1
Greece,Germany,21
Greece,Greece,174
Greece,Hungary,2
Greece,Israel,2
Greece,Italy,13
Greece,Jordan,1
Greece,Lebanon,1
Greece,Malta,1
Greece,Moldova,1
Greece,Netherlands,3
Greece,Poland,1
Greece,Portugal,2
Greece,Qatar,1
Greece,Romania,3
Greece,Russia,5
Greece,Serbia,4
Greece,Spain,7
Greece,Switzerland,3
Greece,Syria,2
Greece,Tunisia,1
Greece,Turkey,6
Greece,Ukraine,1
Greece,United Arab Emirates,4
Greece,United Kingdom,10
Greece,United States of America,2
Greenland,Denmark,1
Greenland,Greenland,56
Greenland,Iceland,2
Grenada,Barbados,2
Grenada,Canada,2
Grenada,Puerto Rico,1
Grenada,Saint Vincent and the Grenadines,2
Grenada,Trinidad and Tobago,4
Grenada,United States of America,3
Grenada,Venezuela,1
Guadeloupe,Antigua and Barbuda,1
Guadeloupe,Canada,1
Guadeloupe,Dominica,1
Guadeloupe,Dominican Republic,3
Guadeloupe,France,7
Guadeloupe,French Guiana,1
Guadeloupe,Guadeloupe,6
Guadeloupe,Haiti,2
Guadeloupe,Martinique,4
Guadeloupe,Puerto Rico,1
Guam,Australia,2
Guam,Hong Kong,2
Guam,Japan,35
Guam,Micronesia,4
Guam,Northern Mariana Islands,3
Guam,Palau,2
Guam,Philippines,2
Guam,South Korea,3
Guam,Taiwan,2
Guam,United States of America,2
Guatemala,Costa Rica,3
Guatemala,El Salvador,5
Guatemala,Guatemala,2
Guatemala,Honduras,2
Guatemala,Mexico,3
Guatemala,Panama,1
Guatemala,United States of America,23
Guernsey,France,1
Guernsey,Guernsey,2
Guernsey,Isle of Man,1
Guernsey,Jersey,3
Guernsey,Switzerland,2
Guernsey,United Kingdom,13
Guinea,Cote d'Ivoire,3
Guinea,France,1
Guinea,Gambia,7
Guinea,Liberia,1
Guinea,Mali,2
Guinea,Mauritania,1
Guinea,Morocco,1
Guinea,Senegal,2
Guinea,Sierra Leone,1
Guinea-Bissau,Gambia,2
Guinea-Bissau,Morocco,1
Guinea-Bissau,Portugal,1
Guinea-Bissau,Senegal,3
Guinea-Bissau,Sierra Leone,1
Guyana,Barbados,1
Guyana,Trinidad and Tobago,1
Guyana,United States of America,1
Haiti,Canada,1
Haiti,Dominican Republic,2
Haiti,France,1
Haiti,Guadeloupe,2
Haiti,Haiti,2
Haiti,Netherlands Antilles,1
Haiti,Panama,1
Haiti,Turks and Caicos Islands,2
Haiti,United States of America,9
Honduras,Cayman Islands,2
Honduras,Costa Rica,6
Honduras,El Salvador,4
Honduras,Guatemala,2
Honduras,Honduras,32
Honduras,Mexico,1
Honduras,Panama,1
Honduras,United States of America,20
Hong Kong,Australia,13
Hong Kong,Bahrain,1
Hong Kong,Bangladesh,3
Hong Kong,Brunei,2
Hong Kong,Cambodia,1
Hong Kong,Canada,6
Hong Kong,China,107
Hong Kong,Fiji,2
Hong Kong,Finland,1
Hong Kong,France,3
Hong Kong,Germany,3
Hong Kong,Guam,2
Hong Kong,India,10
Hong Kong,Indonesia,7
Hong Kong,Israel,1
Hong Kong,Italy,2
Hong Kong,Japan,26
Hong Kong,Malaysia,10
Hong Kong,Mauritius,1
Hong Kong,Mongolia,1
Hong Kong,Nepal,3
Hong Kong,Netherlands,2
Hong Kong,New Zealand,3
Hong Kong,Papua New Guinea,1
Hong Kong,Philippines,10
Hong Kong,Qatar,1
Hong Kong,Russia,5
Hong Kong,Saudi Arabia,1
Hong Kong,Singapore,10
Hong Kong,South Africa,2
Hong Kong,South Korea,11
Hong Kong,Switzerland,1
Hong Kong,Taiwan,10
Hong Kong,Thailand,20
Hong Kong,Turkey,1
Hong Kong,United Arab Emirates,3
Hong Kong,United Kingdom,5
Hong Kong,United States of America,21
Hong Kong,Vietnam,10
Hungary,Albania,2
Hungary,Austria,1
Hungary,Belgium,3
Hungary,Bosnia and Herzegovina,1
Hungary,Bulgaria,4
Hungary,China,2
Hungary,Croatia,1
Hungary,Cyprus,1
Hungary,Czech Republic,3
Hungary,Denmark,2
Hungary,Egypt,1
Hungary,Finland,2
Hungary,France,3
Hungary,Germany,19
Hungary,Greece,2
Hungary,Ireland,2
Hungary,Israel,2
Hungary,Italy,12
Hungary,Jordan,2
Hungary,Lebanon,1
Hungary,Macedonia,1
Hungary,Moldova,3
Hungary,Montenegro,1
Hungary,Netherlands,3
Hungary,Norway,1
Hungary,Poland,2
Hungary,Portugal,1
Hungary,Qatar,1
Hungary,Romania,5
Hungary,Russia,4
Hungary,Serbia,4
Hungary,Spain,4
Hungary,Sweden,6
Hungary,Switzerland,4
Hungary,Syria,2
Hungary,Turkey,2
Hungary,Ukraine,4
Hungary,United Kingdom,8
Iceland,Denmark,2
Iceland,Faroe Islands,1
Iceland,Finland,2
Iceland,France,1
Iceland,Germany,2
Iceland,Greenland,2
Iceland,Iceland,6
Iceland,Netherlands,1
Iceland,Norway,2
Iceland,Sweden,1
Iceland,United Kingdom,4
Iceland,United States of America,4
India,Afghanistan,5
India,Austria,4
India,Bahrain,8
India,Bangladesh,9
India,Belgium,7
India,Bhutan,5
India,Myanmar,3
India,Canada,1
India,China,8
India,Egypt,1
India,Ethiopia,5
India,Finland,1
India,France,4
India,Germany,14
India,Hong Kong,10
India,India,1093
India,Iran,1
India,Israel,1
India,Italy,4
India,Japan,4
India,Jordan,2
India,Kazakhstan,2
India,Kenya,2
India,Kuwait,7
India,Malaysia,17
India,Maldives,3
India,Mauritius,6
India,Nepal,11
India,Netherlands,3
India,Oman,18
India,Pakistan,3
India,Qatar,15
India,Russia,6
India,Saudi Arabia,36
India,Singapore,32
India,South Africa,3
India,South Korea,2
India,Sri Lanka,18
India,Switzerland,4
India,Taiwan,2
India,Tajikistan,1
India,Thailand,24
India,Turkey,4
India,Turkmenistan,2
India,Ukraine,2
India,United Arab Emirates,66
India,United Kingdom,17
India,United States of America,9
India,Uzbekistan,2
India,Yemen,2
Indonesia,Australia,21
Indonesia,Brunei,4
Indonesia,China,7
Indonesia,Hong Kong,7
Indonesia,Indonesia,334
Indonesia,Japan,6
Indonesia,Malaysia,48
Indonesia,Philippines,3
Indonesia,Qatar,1
Indonesia,Russia,4
Indonesia,Saudi Arabia,4
Indonesia,Singapore,54
Indonesia,South Korea,4
Indonesia,Sri Lanka,2
Indonesia,Taiwan,7
Indonesia,Thailand,9
Indonesia,United Arab Emirates,3
Indonesia,Vietnam,1
Iran,Afghanistan,7
Iran,Armenia,5
Iran,Austria,2
Iran,Azerbaijan,2
Iran,Belarus,1
Iran,China,2
Iran,Denmark,1
Iran,France,1
Iran,Germany,5
Iran,India,2
Iran,Iran,308
Iran,Iraq,4
Iran,Italy,1
Iran,Kazakhstan,1
Iran,Kuwait,11
Iran,Lebanon,2
Iran,Malaysia,2
Iran,Netherlands,2
Iran,Oman,2
Iran,Pakistan,3
Iran,Qatar,6
Iran,Russia,2
Iran,Saudi Arabia,1
Iran,Sweden,2
Iran,Syria,8
Iran,Tajikistan,3
Iran,Thailand,2
Iran,Turkey,16
Iran,Ukraine,1
Iran,United Arab Emirates,22
Iran,United Kingdom,1
Iran,Uzbekistan,1
Iraq,Austria,2
Iraq,Egypt,2
Iraq,Germany,2
Iraq,Iran,4
Iraq,Jordan,5
Iraq,Lebanon,2
Iraq,Turkey,8
Iraq,United Arab Emirates,7
Ireland,Austria,2
Ireland,Belgium,2
Ireland,Czech Republic,1
Ireland,Denmark,2
Ireland,Estonia,1
Ireland,France,10
Ireland,Germany,12
Ireland,Hungary,2
Ireland,Ireland,4
Ireland,Isle of Man,1
Ireland,Italy,8
Ireland,Latvia,1
Ireland,Lithuania,4
Ireland,Malta,1
Ireland,Morocco,1
Ireland,Netherlands,3
Ireland,Norway,3
Ireland,Poland,17
Ireland,Portugal,3
Ireland,Romania,1
Ireland,Slovakia,1
Ireland,Spain,34
Ireland,Sweden,2
Ireland,Switzerland,4
Ireland,Turkey,1
Ireland,United Arab Emirates,2
Ireland,United Kingdom,59
Ireland,United States of America,23
Isle of Man,Guernsey,1
Isle of Man,Ireland,1
Isle of Man,Jersey,1
Isle of Man,Switzerland,1
Isle of Man,United Kingdom,17
Israel,Armenia,2
Israel,Austria,2
Israel,Azerbaijan,1
Israel,Belarus,1
Israel,Belgium,2
Israel,Bulgaria,2
Israel,Canada,2
Israel,China,2
Israel,Cyprus,3
Israel,Czech Republic,3
Israel,Egypt,1
Israel,Ethiopia,1
Israel,France,4
Israel,Georgia,1
Israel,Germany,12
Israel,Greece,2
Israel,Hong Kong,1
Israel,Hungary,2
Israel,India,1
Israel,Israel,10
Israel,Italy,5
Israel,Jordan,2
Israel,Latvia,1
Israel,Netherlands,2
Israel,Poland,2
Israel,Romania,2
Israel,Russia,13
Israel,South Africa,1
Israel,South Korea,1
Israel,Spain,5
Israel,Switzerland,4
Israel,Thailand,2
Israel,Turkey,1
Israel,Ukraine,7
Israel,United Kingdom,5
Israel,United States of America,7
Israel,Uzbekistan,1
Italy,Albania,22
Italy,Algeria,3
Italy,Argentina,2
Italy,Austria,16
Italy,Azerbaijan,1
Italy,Bahrain,2
Italy,Bangladesh,1
Italy,Belarus,2
Italy,Belgium,29
Italy,Brazil,4
Italy,Bulgaria,8
Italy,Canada,2
Italy,China,7
Italy,Croatia,4
Italy,Cuba,4
Italy,Cyprus,5
Italy,Czech Republic,16
Italy,Denmark,7
Italy,Egypt,12
Italy,Estonia,1
Italy,Ethiopia,4
Italy,Finland,5
Italy,France,87
Italy,Germany,138
Italy,Greece,13
Italy,Hong Kong,2
Italy,Hungary,12
Italy,India,4
Italy,Iran,1
Italy,Ireland,8
Italy,Israel,5
Italy,Italy,419
Italy,Japan,3
Italy,Jordan,4
Italy,Kenya,4
Italy,Kuwait,2
Italy,Latvia,6
Italy,Lebanon,3
Italy,Libya,1
Italy,Lithuania,4
Italy,Luxembourg,6
Italy,Macedonia,4
Italy,Malaysia,2
Italy,Maldives,3
Italy,Malta,13
Italy,Mauritius,4
Italy,Mexico,2
Italy,Moldova,6
Italy,Montenegro,1
Italy,Morocco,12
Italy,Netherlands,25
Italy,Nigeria,1
Italy,Norway,4
Italy,Oman,1
Italy,Poland,22
Italy,Portugal,21
Italy,Qatar,3
Italy,Romania,44
Italy,Russia,20
Italy,Saudi Arabia,4
Italy,Senegal,1
Italy,Serbia,8
Italy,Singapore,3
Italy,Slovakia,2
Italy,South Korea,2
Italy,Spain,103
Italy,Sri Lanka,1
Italy,Sweden,9
Italy,Switzerland,18
Italy,Syria,1
Italy,Tanzania,3
Italy,Thailand,2
Italy,Tunisia,8
Italy,Turkey,12
Italy,Ukraine,8
Italy,United Arab Emirates,5
Italy,United Kingdom,75
Italy,United States of America,30
Italy,Uzbekistan,2
Italy,Venezuela,1
Jamaica,Antigua and Barbuda,1
Jamaica,Bahamas,1
Jamaica,Barbados,1
Jamaica,Canada,16
Jamaica,Cayman Islands,2
Jamaica,Germany,2
Jamaica,Jamaica,8
Jamaica,Netherlands,1
Jamaica,Netherlands Antilles,2
Jamaica,Panama,2
Jamaica,Trinidad and Tobago,1
Jamaica,Turks and Caicos Islands,1
Jamaica,United Kingdom,6
Jamaica,United States of America,37
Japan,Australia,14
Japan,Austria,2
Japan,Canada,6
Japan,China,146
Japan,Denmark,2
Japan,Finland,6
Japan,France,6
Japan,French Polynesia,2
Japan,Germany,9
Japan,Guam,35
Japan,Hong Kong,26
Japan,India,2
Japan,Indonesia,6
Japan,Italy,3
Japan,Japan,543
Japan,Macau,4
Japan,Malaysia,9
Japan,Maldives,1
Japan,Mexico,1
Japan,Mongolia,1
Japan,Netherlands,2
Japan,New Caledonia,2
Japan,New Zealand,6
Japan,Northern Mariana Islands,3
Japan,Palau,2
Japan,Papua New Guinea,1
Japan,Philippines,10
Japan,Qatar,2
Japan,Russia,5
Japan,Singapore,17
Japan,South Korea,103
Japan,Sri Lanka,1
Japan,Switzerland,2
Japan,Taiwan,42
Japan,Thailand,17
Japan,Turkey,4
Japan,United Arab Emirates,6
Japan,United Kingdom,5
Japan,United States of America,86
Japan,Uzbekistan,1
Japan,Vietnam,16
Jersey,Guernsey,2
Jersey,Isle of Man,1
Jersey,Switzerland,3
Jersey,United Kingdom,13
Jordan,Algeria,1
Jordan,Austria,3
Jordan,Bahrain,3
Jordan,Belgium,1
Jordan,Canada,3
Jordan,Cyprus,1
Jordan,Egypt,5
Jordan,France,2
Jordan,Germany,7
Jordan,Greece,1
Jordan,Hungary,2
Jordan,India,2
Jordan,Iraq,5
Jordan,Israel,2
Jordan,Italy,5
Jordan,Jordan,2
Jordan,Kenya,1
Jordan,Kuwait,3
Jordan,Lebanon,4
Jordan,Libya,3
Jordan,Netherlands,1
Jordan,Oman,2
Jordan,Qatar,2
Jordan,Romania,2
Jordan,Russia,3
Jordan,Saudi Arabia,10
Jordan,Spain,4
Jordan,Sri Lanka,1
Jordan,Sudan,1
Jordan,Switzerland,2
Jordan,Syria,7
Jordan,Thailand,2
Jordan,Tunisia,1
Jordan,Turkey,2
Jordan,Ukraine,2
Jordan,United Arab Emirates,10
Jordan,United Kingdom,4
Jordan,United States of America,6
Jordan,Yemen,4
Kazakhstan,Armenia,1
Kazakhstan,Austria,2
Kazakhstan,Azerbaijan,4
Kazakhstan,Belarus,1
Kazakhstan,China,5
Kazakhstan,Czech Republic,1
Kazakhstan,Georgia,1
Kazakhstan,Germany,5
Kazakhstan,India,2
Kazakhstan,Iran,1
Kazakhstan,Kazakhstan,85
Kazakhstan,Kyrgyzstan,1
Kazakhstan,Malaysia,1
Kazakhstan,Netherlands,4
Kazakhstan,Russia,25
Kazakhstan,South Korea,2
Kazakhstan,Tajikistan,4
Kazakhstan,Thailand,1
Kazakhstan,Turkey,6
Kazakhstan,Ukraine,5
Kazakhstan,United Arab Emirates,5
Kazakhstan,United Kingdom,2
Kazakhstan,Uzbekistan,4
Kenya,Angola,2
Kenya,Bahrain,1
Kenya,Belgium,6
Kenya,Benin,1
Kenya,Botswana,2
Kenya,Burkina Faso,1
Kenya,Burundi,3
Kenya,Cameroon,2
Kenya,Central African Republic,1
Kenya,Chad,1
Kenya,Comoros,1
Kenya,Congo,6
Kenya,Cote d'Ivoire,1
Kenya,Djibouti,3
Kenya,Egypt,1
Kenya,Ethiopia,8
Kenya,France,2
Kenya,Germany,3
Kenya,Ghana,1
Kenya,India,2
Kenya,Italy,5
Kenya,Jordan,1
Kenya,Kenya,56
Kenya,Madagascar,2
Kenya,Malawi,3
Kenya,Mali,1
Kenya,Mauritius,2
Kenya,Mayotte,1
Kenya,Mozambique,4
Kenya,Netherlands,3
Kenya,Nigeria,2
Kenya,Qatar,1
Kenya,Rwanda,5
Kenya,Saudi Arabia,2
Kenya,Seychelles,1
Kenya,Somalia,2
Kenya,South Africa,2
Kenya,South Sudan,5
Kenya,Sudan,1
Kenya,Switzerland,3
Kenya,Tanzania,23
Kenya,Thailand,1
Kenya,Turkey,2
Kenya,Uganda,4
Kenya,United Arab Emirates,5
Kenya,United Kingdom,4
Kenya,Yemen,1
Kenya,Zambia,3
Kenya,Zimbabwe,2
Kiribati,Fiji,3
Kiribati,United States of America,2
Korea,China,3
Korea,Thailand,1
Kuwait,Bahrain,8
Kuwait,Bangladesh,2
Kuwait,Egypt,17
Kuwait,Ethiopia,2
Kuwait,Germany,2
Kuwait,India,8
Kuwait,Iran,11
Kuwait,Italy,2
Kuwait,Jordan,3
Kuwait,Lebanon,3
Kuwait,Malaysia,1
Kuwait,Netherlands,3
Kuwait,Oman,2
Kuwait,Pakistan,6
Kuwait,Qatar,3
Kuwait,Saudi Arabia,12
Kuwait,Sri Lanka,2
Kuwait,Syria,5
Kuwait,Thailand,1
Kuwait,Tunisia,1
Kuwait,Turkey,1
Kuwait,United Arab Emirates,10
Kuwait,United Kingdom,2
Kuwait,United States of America,3
Kuwait,Yemen,2
Kyrgyzstan,Azerbaijan,1
Kyrgyzstan,China,5
Kyrgyzstan,Kazakhstan,1
Kyrgyzstan,Kyrgyzstan,4
Kyrgyzstan,Russia,41
Kyrgyzstan,Tajikistan,3
Kyrgyzstan,Turkey,2
Kyrgyzstan,United Arab Emirates,2
Kyrgyzstan,Uzbekistan,3
Laos,Cambodia,6
Laos,China,4
Laos,Laos,12
Laos,Malaysia,1
Laos,Singapore,1
Laos,Thailand,7
Laos,Vietnam,5
Latvia,Austria,2
Latvia,Belarus,2
Latvia,Belgium,3
Latvia,Czech Republic,1
Latvia,Denmark,4
Latvia,Estonia,1
Latvia,Finland,7
Latvia,France,1
Latvia,Georgia,2
Latvia,Germany,9
Latvia,Ireland,1
Latvia,Israel,1
Latvia,Italy,6
Latvia,Lithuania,3
Latvia,Netherlands,2
Latvia,Norway,9
Latvia,Poland,2
Latvia,Russia,8
Latvia,Spain,1
Latvia,Sweden,4
Latvia,Switzerland,1
Latvia,Turkey,2
Latvia,Ukraine,2
Latvia,United Arab Emirates,1
Latvia,United Kingdom,8
Latvia,United States of America,1
Latvia,Uzbekistan,2
Lebanon,Algeria,1
Lebanon,Armenia,1
Lebanon,Bahrain,2
Lebanon,Belarus,1
Lebanon,Belgium,2
Lebanon,Bulgaria,1
Lebanon,Cyprus,2
Lebanon,Czech Republic,1
Lebanon,Egypt,3
Lebanon,Ethiopia,2
Lebanon,France,4
Lebanon,Germany,2
Lebanon,Greece,1
Lebanon,Hungary,1
Lebanon,Iran,2
Lebanon,Iraq,2
Lebanon,Italy,3
Lebanon,Jordan,4
Lebanon,Kuwait,3
Lebanon,Morocco,1
Lebanon,Nigeria,2
Lebanon,Oman,1
Lebanon,Qatar,2
Lebanon,Romania,3
Lebanon,Russia,1
Lebanon,Saudi Arabia,9
Lebanon,Sudan,1
Lebanon,Switzerland,1
Lebanon,Syria,1
Lebanon,Tunisia,2
Lebanon,Turkey,3
Lebanon,Ukraine,1
Lebanon,United Arab Emirates,6
Lebanon,United Kingdom,3
Lebanon,Yemen,1
Lesotho,South Africa,1
Liberia,Belgium,5
Liberia,Cote d'Ivoire,6
Liberia,Ghana,7
Liberia,Guinea,1
Liberia,Mali,1
Liberia,Morocco,1
Liberia,Senegal,1
Liberia,Sierra Leone,2
Libya,Egypt,5
Libya,Italy,1
Libya,Jordan,3
Libya,Libya,6
Libya,Malta,2
Libya,Morocco,1
Libya,Qatar,1
Libya,Tunisia,4
Libya,Turkey,3
Lithuania,Austria,1
Lithuania,Belgium,4
Lithuania,Czech Republic,1
Lithuania,Denmark,2
Lithuania,Estonia,1
Lithuania,Finland,2
Lithuania,France,1
Lithuania,Germany,5
Lithuania,Ireland,4
Lithuania,Italy,4
Lithuania,Latvia,3
Lithuania,Netherlands,2
Lithuania,Norway,4
Lithuania,Poland,1
Lithuania,Russia,1
Lithuania,Spain,2
Lithuania,Sweden,5
Lithuania,Ukraine,1
Lithuania,United Kingdom,11
Luxembourg,Austria,2
Luxembourg,Cape Verde,1
Luxembourg,Denmark,1
Luxembourg,France,3
Luxembourg,Germany,9
Luxembourg,Italy,6
Luxembourg,Morocco,1
Luxembourg,Netherlands,1
Luxembourg,Portugal,3
Luxembourg,Spain,6
Luxembourg,Switzerland,2
Luxembourg,Tunisia,1
Luxembourg,United Kingdom,3
Macau,China,37
Macau,Japan,4
Macau,Malaysia,1
Macau,Philippines,6
Macau,Singapore,3
Macau,South Korea,4
Macau,Taiwan,6
Macau,Thailand,2
Macedonia,Austria,1
Macedonia,Croatia,1
Macedonia,Czech Republic,1
Macedonia,Germany,1
Macedonia,Hungary,1
Macedonia,Italy,4
Macedonia,Serbia,1
Macedonia,Slovenia,1
Macedonia,Switzerland,2
Macedonia,Turkey,3
Macedonia,United Kingdom,1
Madagascar,Comoros,4
Madagascar,France,4
Madagascar,Kenya,2
Madagascar,Madagascar,45
Madagascar,Mauritius,2
Madagascar,Mayotte,6
Madagascar,Reunion,9
Madagascar,South Africa,3
Madagascar,Thailand,2
Malawi,Congo,1
Malawi,Ethiopia,1
Malawi,Kenya,3
Malawi,Malawi,2
Malawi,South Africa,2
Malawi,Tanzania,1
Malawi,Zambia,5
Malawi,Zimbabwe,2
Malaysia,Australia,15
Malaysia,Bahrain,2
Malaysia,Bangladesh,3
Malaysia,Brunei,4
Malaysia,Myanmar,3
Malaysia,Cambodia,4
Malaysia,China,22
Malaysia,France,2
Malaysia,Germany,1
Malaysia,Hong Kong,10
Malaysia,India,17
Malaysia,Indonesia,46
Malaysia,Iran,2
Malaysia,Italy,2
Malaysia,Japan,9
Malaysia,Kazakhstan,1
Malaysia,Kuwait,1
Malaysia,Laos,1
Malaysia,Macau,1
Malaysia,Malaysia,223
Malaysia,Maldives,1
Malaysia,Mauritius,2
Malaysia,Nepal,1
Malaysia,Netherlands,3
Malaysia,New Zealand,2
Malaysia,Oman,2
Malaysia,Pakistan,4
Malaysia,Philippines,6
Malaysia,Qatar,2
Malaysia,Russia,1
Malaysia,Saudi Arabia,3
Malaysia,Singapore,35
Malaysia,South Africa,3
Malaysia,South Korea,6
Malaysia,Sri Lanka,3
Malaysia,Taiwan,8
Malaysia,Thailand,24
Malaysia,Turkey,2
Malaysia,United Arab Emirates,5
Malaysia,United Kingdom,3
Malaysia,Uzbekistan,2
Malaysia,Vietnam,7
Malaysia,Zimbabwe,1
Maldives,Austria,1
Maldives,China,3
Maldives,France,1
Maldives,Germany,3
Maldives,India,3
Maldives,Italy,2
Maldives,Malaysia,1
Maldives,Maldives,11
Maldives,Oman,1
Maldives,Qatar,1
Maldives,Russia,2
Maldives,Singapore,1
Maldives,Sri Lanka,5
Maldives,Switzerland,2
Maldives,Thailand,1
Maldives,United Arab Emirates,2
Maldives,United Kingdom,4
Mali,Algeria,1
Mali,Belgium,4
Mali,Benin,2
Mali,Burkina Faso,3
Mali,Cote d'Ivoire,4
Mali,France,3
Mali,Ghana,5
Mali,Guinea,2
Mali,Kenya,1
Mali,Liberia,1
Mali,Mali,8
Mali,Mauritania,2
Mali,Morocco,1
Mali,Niger,1
Mali,Portugal,1
Mali,Senegal,5
Mali,Spain,1
Mali,Togo,3
Mali,Tunisia,1
Malta,Austria,2
Malta,Belgium,2
Malta,Cyprus,2
Malta,Egypt,1
Malta,France,2
Malta,Germany,9
Malta,Greece,1
Malta,Ireland,1
Malta,Italy,13
Malta,Libya,2
Malta,Netherlands,3
Malta,Russia,1
Malta,Spain,2
Malta,Sweden,1
Malta,Switzerland,2
Malta,Tunisia,1
Malta,Turkey,2
Malta,United Kingdom,18
Marshall Islands,Marshall Islands,5
Marshall Islands,Micronesia,4
Marshall Islands,United States of America,2
Martinique,Canada,1
Martinique,Cuba,1
Martinique,Dominican Republic,1
Martinique,France,4
Martinique,French Guiana,2
Martinique,Guadeloupe,4
Martinique,Puerto Rico,1
Martinique,Saint Lucia,4
Mauritania,Algeria,1
Mauritania,France,1
Mauritania,Guinea,1
Mauritania,Mali,2
Mauritania,Mauritania,2
Mauritania,Morocco,2
Mauritania,Senegal,2
Mauritania,Tunisia,1
Mauritius,Australia,2
Mauritius,France,3
Mauritius,Germany,3
Mauritius,Hong Kong,1
Mauritius,India,6
Mauritius,Italy,4
Mauritius,Kenya,2
Mauritius,Madagascar,2
Mauritius,Malaysia,2
Mauritius,Mauritius,2
Mauritius,Reunion,6
Mauritius,Russia,1
Mauritius,Seychelles,1
Mauritius,South Africa,7
Mauritius,Switzerland,2
Mauritius,United Arab Emirates,2
Mauritius,United Kingdom,2
Mayotte,Comoros,4
Mayotte,France,1
Mayotte,Kenya,1
Mayotte,Madagascar,7
Mayotte,Reunion,1
Mexico,Argentina,3
Mexico,Brazil,2
Mexico,Canada,84
Mexico,Chile,3
Mexico,China,1
Mexico,Colombia,4
Mexico,Costa Rica,3
Mexico,Cuba,6
Mexico,El Salvador,2
Mexico,France,5
Mexico,Germany,4
Mexico,Guatemala,3
Mexico,Honduras,1
Mexico,Italy,1
Mexico,Japan,2
Mexico,Mexico,472
Mexico,Netherlands,3
Mexico,Panama,7
Mexico,Peru,5
Mexico,Russia,2
Mexico,Spain,10
Mexico,Switzerland,1
Mexico,United Kingdom,5
Mexico,United States of America,339
Mexico,Venezuela,1
Micronesia,Guam,4
Micronesia,Marshall Islands,4
Micronesia,Micronesia,8
Micronesia,Palau,2
Moldova,Austria,2
Moldova,Cyprus,1
Moldova,Germany,2
Moldova,Hungary,3
Moldova,Italy,6
Moldova,Romania,4
Moldova,Russia,5
Moldova,Spain,1
Moldova,Turkey,4
Moldova,Ukraine,2
Monaco,France,2
Mongolia,China,3
Mongolia,Hong Kong,1
Mongolia,Japan,1
Mongolia,Russia,2
Mongolia,South Korea,2
Montenegro,Austria,2
Montenegro,Croatia,1
Montenegro,Denmark,1
Montenegro,France,1
Montenegro,Germany,1
Montenegro,Hungary,1
Montenegro,Italy,1
Montenegro,Russia,4
Montenegro,Serbia,5
Montenegro,Slovenia,2
Montenegro,Switzerland,1
Montenegro,Turkey,1
Montserrat,Antigua and Barbuda,1
Morocco,Algeria,2
Morocco,Belgium,11
Morocco,Benin,1
Morocco,Burkina Faso,1
Morocco,Cameroon,2
Morocco,Canada,1
Morocco,Congo,1
Morocco,Congo,2
Morocco,Cote d'Ivoire,1
Morocco,Denmark,2
Morocco,Egypt,2
Morocco,Equatorial Guinea,1
Morocco,France,62
Morocco,Gabon,1
Morocco,Gambia,1
Morocco,Germany,14
Morocco,Ghana,1
Morocco,Guinea,1
Morocco,Guinea-Bissau,2
Morocco,Ireland,1
Morocco,Italy,12
Morocco,Lebanon,1
Morocco,Liberia,1
Morocco,Libya,1
Morocco,Luxembourg,1
Morocco,Mali,1
Morocco,Mauritania,2
Morocco,Morocco,20
Morocco,Netherlands,8
Morocco,Niger,1
Morocco,Nigeria,1
Morocco,Norway,2
Morocco,Portugal,3
Morocco,Russia,1
Morocco,Saudi Arabia,2
Morocco,Senegal,1
Morocco,Sierra Leone,1
Morocco,Spain,27
Morocco,Sweden,2
Morocco,Switzerland,2
Morocco,Togo,1
Morocco,Tunisia,3
Morocco,Turkey,3
Morocco,United Arab Emirates,3
Morocco,United Kingdom,13
Morocco,United States of America,2
Morocco,Western Sahara,4
Mozambique,Angola,2
Mozambique,Ethiopia,1
Mozambique,Kenya,4
Mozambique,Mozambique,34
Mozambique,Portugal,2
Mozambique,South Africa,15
Mozambique,Tanzania,1
Namibia,Angola,3
Namibia,Botswana,1
Namibia,Germany,2
Namibia,Ghana,1
Namibia,Namibia,10
Namibia,South Africa,8
Namibia,Zambia,1
Nepal,Bahrain,2
Nepal,Bangladesh,2
Nepal,Bhutan,1
Nepal,China,3
Nepal,Hong Kong,3
Nepal,India,11
Nepal,Malaysia,1
Nepal,Nepal,48
Nepal,Oman,1
Nepal,Pakistan,1
Nepal,Qatar,1
Nepal,Saudi Arabia,1
Nepal,Singapore,2
Nepal,South Korea,1
Nepal,Thailand,2
Nepal,United Arab Emirates,5
Netherlands,Argentina,1
Netherlands,Aruba,2
Netherlands,Austria,11
Netherlands,Bahrain,3
Netherlands,Belarus,1
Netherlands,Belgium,4
Netherlands,Bosnia and Herzegovina,1
Netherlands,Brazil,2
Netherlands,Bulgaria,2
Netherlands,Canada,8
Netherlands,Cape Verde,1
Netherlands,China,13
Netherlands,Croatia,1
Netherlands,Cuba,3
Netherlands,Cyprus,2
Netherlands,Czech Republic,6
Netherlands,Denmark,8
Netherlands,Dominican Republic,2
Netherlands,Ecuador,2
Netherlands,Egypt,6
Netherlands,Estonia,2
Netherlands,Finland,3
Netherlands,France,26
Netherlands,Germany,25
Netherlands,Ghana,1
Netherlands,Greece,3
Netherlands,Hong Kong,2
Netherlands,Hungary,3
Netherlands,Iceland,1
Netherlands,India,4
Netherlands,Iran,2
Netherlands,Ireland,3
Netherlands,Israel,2
Netherlands,Italy,25
Netherlands,Japan,2
Netherlands,Jordan,1
Netherlands,Kazakhstan,4
Netherlands,Kenya,3
Netherlands,Kuwait,3
Netherlands,Latvia,2
Netherlands,Lithuania,2
Netherlands,Luxembourg,1
Netherlands,Malaysia,3
Netherlands,Malta,2
Netherlands,Mexico,2
Netherlands,Morocco,7
Netherlands,Netherlands Antilles,4
Netherlands,Nigeria,3
Netherlands,Norway,13
Netherlands,Pakistan,1
Netherlands,Panama,2
Netherlands,Peru,2
Netherlands,Philippines,1
Netherlands,Poland,8
Netherlands,Portugal,10
Netherlands,Romania,3
Netherlands,Russia,4
Netherlands,Rwanda,2
Netherlands,Saudi Arabia,2
Netherlands,Serbia,2
Netherlands,Singapore,3
Netherlands,Slovenia,1
Netherlands,South Africa,3
Netherlands,South Korea,2
Netherlands,Spain,37
Netherlands,Sudan,3
Netherlands,Suriname,2
Netherlands,Sweden,6
Netherlands,Switzerland,7
Netherlands,Syria,2
Netherlands,Tanzania,1
Netherlands,Thailand,3
Netherlands,Tunisia,1
Netherlands,Turkey,5
Netherlands,Ukraine,2
Netherlands,United Arab Emirates,10
Netherlands,United Kingdom,49
Netherlands,United States of America,46
Netherlands Antilles,Anguilla,1
Netherlands Antilles,Antigua and Barbuda,1
Netherlands Antilles,Aruba,6
Netherlands Antilles,British Virgin Islands,2
Netherlands Antilles,Canada,3
Netherlands Antilles,Colombia,2
Netherlands Antilles,Dominica,1
Netherlands Antilles,Dominican Republic,3
Netherlands Antilles,France,5
Netherlands Antilles,Germany,1
Netherlands Antilles,Guadeloupe,1
Netherlands Antilles,Haiti,1
Netherlands Antilles,Jamaica,2
Netherlands Antilles,Martinique,1
Netherlands Antilles,Netherlands,4
Netherlands Antilles,Netherlands Antilles,13
Netherlands Antilles,Panama,1
Netherlands Antilles,Puerto Rico,3
Netherlands Antilles,Saint Kitts and Nevis,3
Netherlands Antilles,Saint Lucia,1
Netherlands Antilles,Suriname,1
Netherlands Antilles,Trinidad and Tobago,3
Netherlands Antilles,United States of America,22
Netherlands Antilles,Venezuela,6
Netherlands Antilles,Virgin Islands,2
New Caledonia,Australia,5
New Caledonia,Fiji,1
New Caledonia,French Polynesia,1
New Caledonia,Japan,2
New Caledonia,New Caledonia,20
New Caledonia,New Zealand,2
New Caledonia,South Korea,2
New Caledonia,Vanuatu,2
New Caledonia,Wallis and Futuna,1
New Zealand,Argentina,1
New Zealand,Australia,84
New Zealand,Canada,2
New Zealand,Chile,2
New Zealand,China,5
New Zealand,Cook Islands,2
New Zealand,Fiji,6
New Zealand,French Polynesia,3
New Zealand,Hong Kong,2
New Zealand,Japan,4
New Zealand,Malaysia,2
New Zealand,New Caledonia,2
New Zealand,New Zealand,123
New Zealand,Niue,1
New Zealand,Norfolk Island,1
New Zealand,Samoa,2
New Zealand,Singapore,3
New Zealand,South Korea,1
New Zealand,Thailand,2
New Zealand,Tonga,2
New Zealand,United States of America,11
New Zealand,Vanuatu,2
Nicaragua,Costa Rica,4
Nicaragua,El Salvador,3
Nicaragua,Guatemala,3
Nicaragua,Panama,2
Nicaragua,United States of America,9
Niger,Algeria,1
Niger,Burkina Faso,7
Niger,France,3
Niger,Mali,1
Niger,Morocco,1
Niger,Nigeria,1
Nigeria,Angola,1
Nigeria,Benin,3
Nigeria,Cameroon,2
Nigeria,Cote d'Ivoire,1
Nigeria,Egypt,3
Nigeria,Equatorial Guinea,1
Nigeria,Ethiopia,2
Nigeria,France,1
Nigeria,Gabon,1
Nigeria,Germany,5
Nigeria,Ghana,8
Nigeria,Kenya,2
Nigeria,Lebanon,2
Nigeria,Morocco,1
Nigeria,Netherlands,3
Nigeria,Niger,1
Nigeria,Nigeria,78
Nigeria,Qatar,1
Nigeria,Rwanda,1
Nigeria,Senegal,1
Nigeria,Sierra Leone,1
Nigeria,South Africa,2
Nigeria,Spain,1
Nigeria,Sudan,1
Nigeria,Togo,2
Nigeria,Turkey,1
Nigeria,United Arab Emirates,1
Nigeria,United Kingdom,5
Nigeria,United States of America,4
Niue,New Zealand,1
Norfolk Island,Australia,6
Norfolk Island,New Zealand,1
Northern Mariana Islands,China,2
Northern Mariana Islands,Guam,3
Northern Mariana Islands,Japan,4
Northern Mariana Islands,Northern Mariana Islands,6
Northern Mariana Islands,South Korea,3
Norway,Austria,5
Norway,Belgium,3
Norway,Cyprus,1
Norway,Czech Republic,2
Norway,Denmark,22
Norway,Estonia,5
Norway,Finland,4
Norway,France,7
Norway,Germany,22
Norway,Hungary,1
Norway,Iceland,2
Norway,Ireland,3
Norway,Italy,4
Norway,Latvia,9
Norway,Lithuania,4
Norway,Morocco,2
Norway,Netherlands,13
Norway,Norway,274
Norway,Pakistan,1
Norway,Poland,19
Norway,Portugal,3
Norway,Qatar,1
Norway,Russia,5
Norway,Serbia,1
Norway,Spain,20
Norway,Sweden,13
Norway,Switzerland,3
Norway,Thailand,1
Norway,Turkey,3
Norway,United Arab Emirates,1
Norway,United Kingdom,36
Norway,United States of America,3
Oman,Bahrain,2
Oman,Bangladesh,2
Oman,Egypt,2
Oman,France,1
Oman,Germany,2
Oman,India,18
Oman,Iran,2
Oman,Italy,1
Oman,Jordan,2
Oman,Kenya,2
Oman,Kuwait,2
Oman,Lebanon,1
Oman,Malaysia,2
Oman,Maldives,1
Oman,Nepal,1
Oman,Oman,4
Oman,Pakistan,15
Oman,Qatar,2
Oman,Saudi Arabia,6
Oman,Sri Lanka,2
Oman,Switzerland,1
Oman,Tanzania,2
Oman,Thailand,1
Oman,Turkey,1
Oman,United Arab Emirates,20
Oman,United Kingdom,2
Pakistan,Afghanistan,2
Pakistan,Bahrain,6
Pakistan,Bangladesh,3
Pakistan,Canada,3
Pakistan,China,5
Pakistan,Denmark,1
Pakistan,France,1
Pakistan,Germany,1
Pakistan,India,3
Pakistan,Iran,3
Pakistan,Italy,2
Pakistan,Kuwait,6
Pakistan,Malaysia,4
Pakistan,Nepal,1
Pakistan,Netherlands,1
Pakistan,Norway,1
Pakistan,Oman,15
Pakistan,Pakistan,112
Pakistan,Qatar,7
Pakistan,Saudi Arabia,30
Pakistan,Spain,3
Pakistan,Sri Lanka,2
Pakistan,Thailand,7
Pakistan,Turkey,4
Pakistan,United Arab Emirates,40
Pakistan,United Kingdom,7
Pakistan,Uzbekistan,1
Palau,Guam,2
Palau,Japan,2
Palau,Micronesia,2
Palau,Philippines,2
Palau,South Korea,2
Palau,Taiwan,1
Panama,Argentina,2
Panama,Aruba,2
Panama,Bahamas,1
Panama,Bolivia,1
Panama,Brazil,7
Panama,Canada,1
Panama,Chile,1
Panama,Colombia,12
Panama,Costa Rica,4
Panama,Cuba,2
Panama,Dominican Republic,4
Panama,Ecuador,4
Panama,El Salvador,2
Panama,Guatemala,1
Panama,Haiti,1
Panama,Honduras,1
Panama,Jamaica,2
Panama,Mexico,7
Panama,Netherlands,2
Panama,Netherlands Antilles,1
Panama,Nicaragua,4
Panama,Panama,16
Panama,Paraguay,1
Panama,Peru,1
Panama,Puerto Rico,3
Panama,Spain,1
Panama,Trinidad and Tobago,1
Panama,United States of America,28
Panama,Uruguay,1
Panama,Venezuela,4
Papua New Guinea,Australia,9
Papua New Guinea,Hong Kong,1
Papua New Guinea,Japan,1
Papua New Guinea,Papua New Guinea,118
Papua New Guinea,Philippines,1
Papua New Guinea,Singapore,1
Papua New Guinea,Solomon Islands,1
Paraguay,Argentina,4
Paraguay,Bolivia,2
Paraguay,Brazil,5
Paraguay,Chile,2
Paraguay,Panama,1
Paraguay,Paraguay,4
Paraguay,Peru,1
Paraguay,Uruguay,3
Peru,Argentina,6
Peru,Bolivia,7
Peru,Brazil,7
Peru,Canada,1
Peru,Chile,8
Peru,Colombia,3
Peru,Costa Rica,4
Peru,Cuba,1
Peru,Dominican Republic,2
Peru,Ecuador,4
Peru,El Salvador,2
Peru,France,1
Peru,Mexico,5
Peru,Netherlands,2
Peru,Panama,1
Peru,Paraguay,1
Peru,Peru,96
Peru,Spain,3
Peru,United States of America,17
Peru,Uruguay,1
Peru,Venezuela,2
Philippines,Australia,5
Philippines,Bahrain,2
Philippines,Brunei,2
Philippines,Canada,1
Philippines,China,19
Philippines,Guam,2
Philippines,Hong Kong,10
Philippines,Indonesia,3
Philippines,Japan,10
Philippines,Macau,6
Philippines,Malaysia,6
Philippines,Netherlands,1
Philippines,Palau,2
Philippines,Papua New Guinea,1
Philippines,Philippines,304
Philippines,Qatar,3
Philippines,Saudi Arabia,3
Philippines,Singapore,14
Philippines,South Korea,25
Philippines,Taiwan,7
Philippines,Thailand,6
Philippines,United Arab Emirates,4
Philippines,United States of America,4
Philippines,Vietnam,3
Poland,Armenia,2
Poland,Austria,4
Poland,Belarus,2
Poland,Belgium,7
Poland,Bulgaria,2
Poland,Canada,2
Poland,Cyprus,1
Poland,Czech Republic,7
Poland,Denmark,6
Poland,Egypt,2
Poland,Estonia,1
Poland,Finland,4
Poland,France,11
Poland,Georgia,1
Poland,Germany,54
Poland,Greece,1
Poland,Hungary,2
Poland,Iceland,2
Poland,Ireland,17
Poland,Israel,2
Poland,Italy,22
Poland,Latvia,2
Poland,Lithuania,1
Poland,Netherlands,8
Poland,Norway,19
Poland,Poland,38
Poland,Portugal,2
Poland,Romania,2
Poland,Russia,6
Poland,Serbia,2
Poland,Slovakia,2
Poland,Spain,13
Poland,Sweden,12
Poland,Switzerland,4
Poland,Turkey,2
Poland,Ukraine,8
Poland,United Kingdom,62
Poland,United States of America,6
Poland,Vietnam,1
Portugal,Algeria,1
Portugal,Angola,3
Portugal,Austria,2
Portugal,Belgium,9
Portugal,Brazil,18
Portugal,Canada,6
Portugal,Cape Verde,7
Portugal,Czech Republic,1
Portugal,Denmark,5
Portugal,Finland,1
Portugal,France,31
Portugal,Germany,30
Portugal,Ghana,1
Portugal,Greece,2
Portugal,Guinea-Bissau,1
Portugal,Hungary,1
Portugal,Ireland,3
Portugal,Italy,21
Portugal,Luxembourg,3
Portugal,Mali,1
Portugal,Morocco,3
Portugal,Mozambique,2
Portugal,Netherlands,10
Portugal,Norway,3
Portugal,Poland,2
Portugal,Portugal,84
Portugal,Russia,1
Portugal,Sao Tome and Principe,2
Portugal,Senegal,1
Portugal,Spain,43
Portugal,Sweden,2
Portugal,Switzerland,9
Portugal,Tunisia,1
Portugal,Turkey,2
Portugal,Ukraine,2
Portugal,United Kingdom,42
Portugal,United States of America,10
Portugal,Venezuela,3
Puerto Rico,Anguilla,1
Puerto Rico,Antigua and Barbuda,3
Puerto Rico,Barbados,1
Puerto Rico,British Virgin Islands,3
Puerto Rico,Canada,3
Puerto Rico,Dominica,1
Puerto Rico,Dominican Republic,6
Puerto Rico,France,1
Puerto Rico,Germany,1
Puerto Rico,Grenada,1
Puerto Rico,Guadeloupe,1
Puerto Rico,Martinique,1
Puerto Rico,Netherlands Antilles,2
Puerto Rico,Panama,3
Puerto Rico,Puerto Rico,11
Puerto Rico,Saint Kitts and Nevis,2
Puerto Rico,Saint Lucia,1
Puerto Rico,Saint Vincent and the Grenadines,1
Puerto Rico,United States of America,48
Puerto Rico,Venezuela,1
Puerto Rico,Virgin Islands,12
Qatar,Algeria,1
Qatar,Australia,1
Qatar,Austria,1
Qatar,Bahrain,10
Qatar,Bangladesh,1
Qatar,Belgium,1
Qatar,Brazil,1
Qatar,Canada,1
Qatar,China,4
Qatar,Denmark,1
Qatar,Egypt,4
Qatar,France,1
Qatar,Germany,8
Qatar,Greece,1
Qatar,Hong Kong,1
Qatar,Hungary,1
Qatar,India,15
Qatar,Indonesia,1
Qatar,Iran,6
Qatar,Italy,3
Qatar,Japan,2
Qatar,Jordan,2
Qatar,Kenya,1
Qatar,Kuwait,3
Qatar,Lebanon,2
Qatar,Libya,1
Qatar,Malaysia,2
Qatar,Maldives,1
Qatar,Nepal,2
Qatar,Nigeria,1
Qatar,Norway,1
Qatar,Oman,2
Qatar,Pakistan,7
Qatar,Philippines,3
Qatar,Romania,1
Qatar,Russia,1
Qatar,Saudi Arabia,8
Qatar,Seychelles,1
Qatar,Singapore,1
Qatar,South Africa,1
Qatar,South Korea,2
Qatar,Spain,2
Qatar,Sri Lanka,2
Qatar,Sudan,2
Qatar,Sweden,1
Qatar,Switzerland,2
Qatar,Syria,4
Qatar,Tanzania,1
Qatar,Thailand,1
Qatar,Tunisia,1
Qatar,Turkey,3
Qatar,Uganda,1
Qatar,United Arab Emirates,8
Qatar,United Kingdom,4
Qatar,United States of America,6
Qatar,Yemen,3
Reunion,Australia,1
Reunion,Comoros,1
Reunion,France,6
Reunion,Madagascar,10
Reunion,Mauritius,5
Reunion,Mayotte,1
Reunion,Seychelles,1
Reunion,South Africa,2
Reunion,Thailand,1
Romania,Austria,14
Romania,Belgium,3
Romania,Bulgaria,3
Romania,Cyprus,2
Romania,Czech Republic,1
Romania,Denmark,1
Romania,Egypt,1
Romania,France,8
Romania,Germany,24
Romania,Greece,3
Romania,Hungary,5
Romania,Ireland,1
Romania,Israel,2
Romania,Italy,44
Romania,Jordan,2
Romania,Lebanon,3
Romania,Moldova,4
Romania,Netherlands,3
Romania,Poland,2
Romania,Qatar,1
Romania,Romania,58
Romania,Russia,2
Romania,Serbia,2
Romania,Spain,18
Romania,Switzerland,1
Romania,Syria,2
Romania,Turkey,3
Romania,Ukraine,3
Romania,United Arab Emirates,1
Romania,United Kingdom,7
Russia,Afghanistan,1
Russia,Algeria,1
Russia,Armenia,35
Russia,Austria,22
Russia,Azerbaijan,22
Russia,Belarus,9
Russia,Belgium,2
Russia,Bulgaria,5
Russia,Canada,1
Russia,China,33
Russia,Croatia,1
Russia,Cuba,3
Russia,Cyprus,6
Russia,Czech Republic,28
Russia,Denmark,4
Russia,Dominican Republic,4
Russia,Egypt,9
Russia,Estonia,4
Russia,Finland,7
Russia,France,8
Russia,Georgia,4
Russia,Germany,59
Russia,Greece,5
Russia,Hong Kong,5
Russia,Hungary,4
Russia,India,6
Russia,Indonesia,3
Russia,Iran,2
Russia,Israel,13
Russia,Italy,21
Russia,Japan,5
Russia,Jordan,3
Russia,Kazakhstan,24
Russia,Kyrgyzstan,42
Russia,Latvia,8
Russia,Lebanon,1
Russia,Lithuania,1
Russia,Malaysia,1
Russia,Maldives,2
Russia,Malta,1
Russia,Mauritius,1
Russia,Mexico,2
Russia,Moldova,5
Russia,Mongolia,2
Russia,Montenegro,4
Russia,Morocco,1
Russia,Netherlands,4
Russia,Norway,5
Russia,Poland,6
Russia,Portugal,1
Russia,Qatar,1
Russia,Romania,2
Russia,Russia,935
Russia,Serbia,2
Russia,Seychelles,1
Russia,Singapore,2
Russia,Slovenia,2
Russia,South Korea,10
Russia,Spain,17
Russia,Sri Lanka,1
Russia,Sweden,4
Russia,Switzerland,7
Russia,Syria,3
Russia,Tajikistan,62
Russia,Thailand,18
Russia,Tunisia,1
Russia,Turkey,17
Russia,Turkmenistan,2
Russia,Ukraine,40
Russia,United Arab Emirates,19
Russia,United Kingdom,8
Russia,United States of America,17
Russia,Uzbekistan,79
Russia,Vietnam,7
Rwanda,Belgium,1
Rwanda,Burundi,5
Rwanda,Congo,1
Rwanda,Ethiopia,2
Rwanda,Kenya,11
Rwanda,Nigeria,1
Rwanda,Rwanda,5
Rwanda,South Africa,1
Rwanda,Tanzania,2
Rwanda,Uganda,14
Rwanda,United Arab Emirates,1
Saint Kitts and Nevis,Antigua and Barbuda,3
Saint Kitts and Nevis,British Virgin Islands,1
Saint Kitts and Nevis,Canada,1
Saint Kitts and Nevis,Netherlands Antilles,2
Saint Kitts and Nevis,Puerto Rico,2
Saint Kitts and Nevis,United States of America,4
Saint Lucia,Antigua and Barbuda,1
Saint Lucia,Barbados,2
Saint Lucia,Canada,3
Saint Lucia,Dominica,1
Saint Lucia,Martinique,4
Saint Lucia,Netherlands Antilles,1
Saint Lucia,Puerto Rico,1
Saint Lucia,Saint Vincent and the Grenadines,1
Saint Lucia,Trinidad and Tobago,2
Saint Lucia,United Kingdom,2
Saint Lucia,United States of America,5
Saint Pierre and Miquelon,Canada,3
Saint Vincent and the Grenadines,Barbados,2
Saint Vincent and the Grenadines,Dominica,1
Saint Vincent and the Grenadines,Grenada,2
Saint Vincent and the Grenadines,Puerto Rico,1
Saint Vincent and the Grenadines,Saint Lucia,1
Saint Vincent and the Grenadines,Trinidad and Tobago,1
Samoa,Fiji,1
Samoa,New Zealand,2
Samoa,United States of America,2
Sao Tome and Principe,Angola,1
Sao Tome and Principe,Cameroon,1
Sao Tome and Principe,Cape Verde,1
Sao Tome and Principe,Gabon,1
Sao Tome and Principe,Portugal,2
Saudi Arabia,Bahrain,11
Saudi Arabia,Bangladesh,6
Saudi Arabia,Brunei,1
Saudi Arabia,China,1
Saudi Arabia,Djibouti,1
Saudi Arabia,Egypt,31
Saudi Arabia,Eritrea,3
Saudi Arabia,Ethiopia,4
Saudi Arabia,France,4
Saudi Arabia,Germany,10
Saudi Arabia,Hong Kong,1
Saudi Arabia,India,36
Saudi Arabia,Indonesia,3
Saudi Arabia,Iran,1
Saudi Arabia,Italy,4
Saudi Arabia,Jordan,9
Saudi Arabia,Kenya,2
Saudi Arabia,Kuwait,11
Saudi Arabia,Lebanon,8
Saudi Arabia,Malaysia,3
Saudi Arabia,Morocco,2
Saudi Arabia,Nepal,1
Saudi Arabia,Netherlands,2
Saudi Arabia,Oman,6
Saudi Arabia,Pakistan,32
Saudi Arabia,Philippines,3
Saudi Arabia,Qatar,8
Saudi Arabia,Saudi Arabia,137
Saudi Arabia,Singapore,1
Saudi Arabia,South Africa,1
Saudi Arabia,Sri Lanka,6
Saudi Arabia,Sudan,9
Saudi Arabia,Switzerland,2
Saudi Arabia,Syria,12
Saudi Arabia,Tunisia,2
Saudi Arabia,Turkey,10
Saudi Arabia,United Arab Emirates,40
Saudi Arabia,United Kingdom,6
Saudi Arabia,United States of America,4
Saudi Arabia,Yemen,18
Senegal,Algeria,1
Senegal,Belgium,1
Senegal,Benin,1
Senegal,Burkina Faso,1
Senegal,Cape Verde,2
Senegal,Cote d'Ivoire,2
Senegal,France,3
Senegal,Gambia,3
Senegal,Guinea,2
Senegal,Guinea-Bissau,3
Senegal,Italy,1
Senegal,Liberia,1
Senegal,Mali,5
Senegal,Mauritania,2
Senegal,Morocco,1
Senegal,Nigeria,1
Senegal,Portugal,1
Senegal,Senegal,4
Senegal,South Africa,2
Senegal,Spain,3
Senegal,Togo,2
Senegal,Tunisia,1
Senegal,Turkey,1
Senegal,United Arab Emirates,1
Senegal,United States of America,3
Serbia,Austria,6
Serbia,Belgium,2
Serbia,Bosnia and Herzegovina,1
Serbia,Croatia,1
Serbia,Cyprus,1
Serbia,Denmark,2
Serbia,France,2
Serbia,Germany,23
Serbia,Greece,4
Serbia,Hungary,3
Serbia,Italy,8
Serbia,Macedonia,1
Serbia,Montenegro,5
Serbia,Netherlands,3
Serbia,Norway,1
Serbia,Poland,2
Serbia,Romania,2
Serbia,Russia,2
Serbia,Slovenia,3
Serbia,Spain,1
Serbia,Sweden,6
Serbia,Switzerland,6
Serbia,Tunisia,1
Serbia,Turkey,4
Serbia,United Arab Emirates,1
Serbia,United Kingdom,3
Seychelles,Germany,1
Seychelles,Kenya,1
Seychelles,Mauritius,1
Seychelles,Qatar,1
Seychelles,Reunion,1
Seychelles,Russia,1
Seychelles,Seychelles,2
Seychelles,South Africa,1
Seychelles,United Arab Emirates,2
Sierra Leone,Gambia,6
Sierra Leone,Ghana,1
Sierra Leone,Guinea,1
Sierra Leone,Guinea-Bissau,1
Sierra Leone,Liberia,2
Sierra Leone,Morocco,1
Sierra Leone,Nigeria,1
Sierra Leone,United Kingdom,1
Singapore,Australia,31
Singapore,Bangladesh,2
Singapore,Brunei,2
Singapore,Myanmar,4
Singapore,Cambodia,6
Singapore,China,38
Singapore,Denmark,2
Singapore,East Timor,1
Singapore,Finland,1
Singapore,France,3
Singapore,Germany,9
Singapore,Hong Kong,10
Singapore,India,32
Singapore,Indonesia,54
Singapore,Italy,3
Singapore,Japan,17
Singapore,Laos,1
Singapore,Macau,3
Singapore,Malaysia,35
Singapore,Maldives,1
Singapore,Mauritius,2
Singapore,Nepal,2
Singapore,Netherlands,3
Singapore,New Zealand,3
Singapore,Papua New Guinea,1
Singapore,Philippines,14
Singapore,Qatar,1
Singapore,Russia,2
Singapore,Saudi Arabia,1
Singapore,South Africa,2
Singapore,South Korea,6
Singapore,Spain,2
Singapore,Sri Lanka,4
Singapore,Switzerland,2
Singapore,Taiwan,8
Singapore,Thailand,24
Singapore,Turkey,2
Singapore,United Arab Emirates,7
Singapore,United Kingdom,5
Singapore,United States of America,4
Singapore,Vietnam,12
Slovakia,Austria,1
Slovakia,Belgium,1
Slovakia,Czech Republic,3
Slovakia,France,1
Slovakia,Ireland,1
Slovakia,Italy,2
Slovakia,Poland,2
Slovakia,Slovakia,2
Slovakia,Spain,1
Slovakia,United Kingdom,6
Slovenia,Albania,1
Slovenia,Austria,2
Slovenia,Belgium,2
Slovenia,Bosnia and Herzegovina,1
Slovenia,Czech Republic,1
Slovenia,Denmark,2
Slovenia,France,3
Slovenia,Germany,4
Slovenia,Macedonia,1
Slovenia,Montenegro,2
Slovenia,Netherlands,1
Slovenia,Russia,2
Slovenia,Serbia,3
Slovenia,Switzerland,2
Slovenia,Turkey,2
Slovenia,United Kingdom,1
Solomon Islands,Australia,2
Solomon Islands,Fiji,2
Solomon Islands,Papua New Guinea,1
Solomon Islands,Solomon Islands,54
Solomon Islands,Vanuatu,3
Somalia,Djibouti,2
Somalia,Kenya,2
Somalia,Somalia,15
Somalia,Yemen,1
South Africa,Angola,3
South Africa,Argentina,2
South Africa,Australia,4
South Africa,Botswana,5
South Africa,Brazil,1
South Africa,Congo,3
South Africa,Egypt,2
South Africa,Ethiopia,3
South Africa,France,3
South Africa,Gabon,1
South Africa,Germany,6
South Africa,Ghana,1
South Africa,Hong Kong,2
South Africa,India,3
South Africa,Israel,1
South Africa,Kenya,2
South Africa,Lesotho,1
South Africa,Madagascar,3
South Africa,Malawi,2
South Africa,Malaysia,3
South Africa,Mauritius,7
South Africa,Mozambique,16
South Africa,Namibia,8
South Africa,Netherlands,3
South Africa,Nigeria,2
South Africa,Qatar,1
South Africa,Reunion,2
South Africa,Rwanda,1
South Africa,Saudi Arabia,1
South Africa,Senegal,2
South Africa,Seychelles,1
South Africa,Singapore,2
South Africa,South Africa,142
South Africa,Spain,1
South Africa,Swaziland,1
South Africa,Switzerland,3
South Africa,Tanzania,3
South Africa,Thailand,2
South Africa,Turkey,1
South Africa,Uganda,1
South Africa,United Arab Emirates,9
South Africa,United Kingdom,8
South Africa,United States of America,3
South Africa,Zambia,6
South Africa,Zimbabwe,6
South Korea,Australia,6
South Korea,Austria,1
South Korea,Cambodia,5
South Korea,Canada,4
South Korea,China,121
South Korea,Czech Republic,2
South Korea,Fiji,1
South Korea,Finland,1
South Korea,France,3
South Korea,Germany,3
South Korea,Guam,3
South Korea,Hong Kong,11
South Korea,India,2
South Korea,Indonesia,4
South Korea,Israel,1
South Korea,Italy,2
South Korea,Japan,103
South Korea,Kazakhstan,2
South Korea,Macau,4
South Korea,Malaysia,6
South Korea,Mongolia,2
South Korea,Nepal,1
South Korea,Netherlands,1
South Korea,New Caledonia,2
South Korea,New Zealand,1
South Korea,Northern Mariana Islands,3
South Korea,Palau,2
South Korea,Philippines,25
South Korea,Qatar,2
South Korea,Russia,10
South Korea,Singapore,6
South Korea,South Korea,92
South Korea,Spain,1
South Korea,Taiwan,11
South Korea,Thailand,21
South Korea,Turkey,3
South Korea,United Arab Emirates,4
South Korea,United Kingdom,2
South Korea,United States of America,40
South Korea,Uzbekistan,3
South Korea,Vietnam,13
South Sudan,Egypt,1
South Sudan,Ethiopia,2
South Sudan,Kenya,5
South Sudan,Sudan,5
South Sudan,Uganda,1
Spain,Algeria,10
Spain,Angola,2
Spain,Argentina,5
Spain,Austria,24
Spain,Belgium,26
Spain,Bolivia,1
Spain,Brazil,9
Spain,Bulgaria,7
Spain,Cape Verde,4
Spain,Chile,2
Spain,China,1
Spain,Colombia,5
Spain,Costa Rica,1
Spain,Cuba,4
Spain,Cyprus,1
Spain,Czech Republic,9
Spain,Denmark,22
Spain,Dominican Republic,7
Spain,Ecuador,4
Spain,Egypt,5
Spain,Equatorial Guinea,2
Spain,Estonia,1
Spain,Finland,14
Spain,France,83
Spain,Gambia,1
Spain,Germany,236
Spain,Greece,7
Spain,Guatemala,1
Spain,Hungary,5
Spain,Ireland,34
Spain,Israel,5
Spain,Italy,103
Spain,Jordan,4
Spain,Latvia,1
Spain,Lithuania,2
Spain,Luxembourg,6
Spain,Mali,1
Spain,Malta,2
Spain,Mexico,10
Spain,Moldova,1
Spain,Morocco,27
Spain,Netherlands,38
Spain,Nigeria,1
Spain,Norway,20
Spain,Pakistan,2
Spain,Panama,1
Spain,Peru,3
Spain,Poland,13
Spain,Portugal,43
Spain,Puerto Rico,3
Spain,Qatar,2
Spain,Romania,18
Spain,Russia,17
Spain,Senegal,3
Spain,Serbia,1
Spain,Singapore,2
Spain,Slovakia,1
Spain,South Africa,1
Spain,Spain,631
Spain,Sweden,17
Spain,Switzerland,38
Spain,Syria,1
Spain,Thailand,2
Spain,Tunisia,2
Spain,Turkey,7
Spain,Ukraine,6
Spain,United Arab Emirates,1
Spain,United Kingdom,290
Spain,United States of America,49
Spain,Uruguay,2
Spain,Venezuela,6
Sri Lanka,Bahrain,2
Sri Lanka,Bangladesh,2
Sri Lanka,China,1
Sri Lanka,France,1
Sri Lanka,Germany,1
Sri Lanka,India,17
Sri Lanka,Indonesia,2
Sri Lanka,Italy,1
Sri Lanka,Japan,1
Sri Lanka,Jordan,1
Sri Lanka,Kuwait,1
Sri Lanka,Malaysia,3
Sri Lanka,Maldives,6
Sri Lanka,Netherlands,1
Sri Lanka,Oman,2
Sri Lanka,Pakistan,2
Sri Lanka,Qatar,2
Sri Lanka,Russia,1
Sri Lanka,Saudi Arabia,6
Sri Lanka,Singapore,4
Sri Lanka,Sri Lanka,8
Sri Lanka,Switzerland,2
Sri Lanka,Thailand,3
Sri Lanka,Ukraine,1
Sri Lanka,United Arab Emirates,9
Sri Lanka,United Kingdom,1
Sudan,Bahrain,2
Sudan,Chad,2
Sudan,Egypt,5
Sudan,Eritrea,2
Sudan,Ethiopia,6
Sudan,Jordan,2
Sudan,Kenya,1
Sudan,Lebanon,1
Sudan,Netherlands,3
Sudan,Qatar,2
Sudan,Saudi Arabia,9
Sudan,South Sudan,5
Sudan,Sudan,24
Sudan,Syria,1
Sudan,Turkey,1
Sudan,United Arab Emirates,7
Sudan,Yemen,1
Suriname,Aruba,1
Suriname,Brazil,1
Suriname,Netherlands,2
Suriname,Netherlands Antilles,1
Suriname,Trinidad and Tobago,2
Swaziland,South Africa,1
Sweden,Austria,8
Sweden,Belarus,1
Sweden,Belgium,7
Sweden,China,2
Sweden,Czech Republic,4
Sweden,Denmark,11
Sweden,Estonia,5
Sweden,Finland,21
Sweden,France,11
Sweden,Germany,30
Sweden,Hungary,6
Sweden,Iceland,1
Sweden,Iran,2
Sweden,Ireland,2
Sweden,Italy,9
Sweden,Latvia,4
Sweden,Lithuania,5
Sweden,Malta,1
Sweden,Morocco,2
Sweden,Netherlands,6
Sweden,Norway,11
Sweden,Poland,12
Sweden,Portugal,2
Sweden,Qatar,1
Sweden,Russia,4
Sweden,Serbia,6
Sweden,Spain,17
Sweden,Sweden,163
Sweden,Switzerland,7
Sweden,Syria,2
Sweden,Thailand,1
Sweden,Turkey,3
Sweden,Ukraine,1
Sweden,United Arab Emirates,1
Sweden,United Kingdom,28
Sweden,United States of America,5
Switzerland,Algeria,1
Switzerland,Austria,12
Switzerland,Bahrain,1
Switzerland,Belgium,6
Switzerland,Bosnia and Herzegovina,1
Switzerland,Brazil,1
Switzerland,Bulgaria,1
Switzerland,Cameroon,3
Switzerland,Canada,9
Switzerland,China,2
Switzerland,Croatia,2
Switzerland,Cuba,1
Switzerland,Cyprus,1
Switzerland,Czech Republic,3
Switzerland,Denmark,8
Switzerland,Dominican Republic,1
Switzerland,Egypt,12
Switzerland,Finland,6
Switzerland,France,16
Switzerland,Germany,49
Switzerland,Greece,3
Switzerland,Guernsey,1
Switzerland,Hong Kong,1
Switzerland,Hungary,4
Switzerland,India,4
Switzerland,Ireland,4
Switzerland,Isle of Man,1
Switzerland,Israel,4
Switzerland,Italy,18
Switzerland,Japan,2
Switzerland,Jersey,3
Switzerland,Jordan,2
Switzerland,Kenya,2
Switzerland,Latvia,1
Switzerland,Lebanon,1
Switzerland,Luxembourg,2
Switzerland,Macedonia,2
Switzerland,Maldives,2
Switzerland,Malta,2
Switzerland,Mauritius,2
Switzerland,Montenegro,1
Switzerland,Morocco,2
Switzerland,Netherlands,7
Switzerland,Norway,3
Switzerland,Oman,1
Switzerland,Poland,4
Switzerland,Portugal,9
Switzerland,Qatar,2
Switzerland,Romania,1
Switzerland,Russia,7
Switzerland,Saudi Arabia,2
Switzerland,Serbia,6
Switzerland,Singapore,2
Switzerland,Slovenia,2
Switzerland,South Africa,3
Switzerland,South Korea,1
Switzerland,Spain,39
Switzerland,Sri Lanka,2
Switzerland,Sweden,7
Switzerland,Switzerland,8
Switzerland,Tanzania,1
Switzerland,Thailand,3
Switzerland,Tunisia,4
Switzerland,Turkey,12
Switzerland,Ukraine,3
Switzerland,United Arab Emirates,7
Switzerland,United Kingdom,60
Switzerland,United States of America,29
Switzerland,Uzbekistan,1
Syria,Algeria,3
Syria,Armenia,1
Syria,Austria,1
Syria,Bahrain,2
Syria,Belgium,1
Syria,Cyprus,2
Syria,Egypt,5
Syria,France,2
Syria,Germany,2
Syria,Greece,2
Syria,Hungary,2
Syria,Iran,9
Syria,Italy,1
Syria,Jordan,5
Syria,Kuwait,7
Syria,Lebanon,1
Syria,Netherlands,1
Syria,Qatar,3
Syria,Romania,2
Syria,Russia,2
Syria,Saudi Arabia,12
Syria,Spain,1
Syria,Sudan,2
Syria,Sweden,1
Syria,Syria,8
Syria,Tunisia,2
Syria,Turkey,4
Syria,United Arab Emirates,11
Syria,United Kingdom,3
Syria,Venezuela,1
Syria,Yemen,2
Taiwan,Australia,4
Taiwan,Austria,1
Taiwan,Myanmar,1
Taiwan,Cambodia,2
Taiwan,Canada,3
Taiwan,China,165
Taiwan,France,1
Taiwan,Germany,1
Taiwan,Guam,2
Taiwan,Hong Kong,10
Taiwan,India,2
Taiwan,Indonesia,7
Taiwan,Japan,42
Taiwan,Macau,6
Taiwan,Malaysia,8
Taiwan,Palau,1
Taiwan,Philippines,7
Taiwan,Singapore,8
Taiwan,South Korea,11
Taiwan,Taiwan,52
Taiwan,Thailand,8
Taiwan,United Kingdom,1
Taiwan,United States of America,18
Taiwan,Vietnam,15
Tajikistan,Afghanistan,2
Tajikistan,China,3
Tajikistan,Germany,1
Tajikistan,India,1
Tajikistan,Iran,3
Tajikistan,Kazakhstan,4
Tajikistan,Kyrgyzstan,3
Tajikistan,Russia,61
Tajikistan,Tajikistan,4
Tajikistan,Turkey,2
Tajikistan,United Arab Emirates,2
Tanzania,Comoros,1
Tanzania,Egypt,1
Tanzania,Ethiopia,9
Tanzania,Germany,1
Tanzania,Italy,2
Tanzania,Kenya,25
Tanzania,Malawi,1
Tanzania,Mozambique,1
Tanzania,Netherlands,1
Tanzania,Oman,1
Tanzania,Qatar,1
Tanzania,Rwanda,2
Tanzania,South Africa,3
Tanzania,Tanzania,41
Tanzania,Turkey,1
Tanzania,Uganda,2
Tanzania,United Arab Emirates,1
Tanzania,United Kingdom,1
Thailand,Australia,20
Thailand,Austria,3
Thailand,Bahrain,2
Thailand,Bangladesh,6
Thailand,Belgium,1
Thailand,Brunei,2
Thailand,Myanmar,6
Thailand,Cambodia,5
Thailand,China,42
Thailand,Denmark,2
Thailand,Egypt,3
Thailand,Ethiopia,2
Thailand,Finland,1
Thailand,France,4
Thailand,Germany,8
Thailand,Hong Kong,20
Thailand,India,24
Thailand,Indonesia,9
Thailand,Iran,2
Thailand,Israel,2
Thailand,Italy,2
Thailand,Japan,16
Thailand,Jordan,2
Thailand,Kazakhstan,1
Thailand,Kenya,1
Thailand,Korea,1
Thailand,Kuwait,1
Thailand,Laos,7
Thailand,Macau,2
Thailand,Madagascar,2
Thailand,Malaysia,24
Thailand,Maldives,1
Thailand,Nepal,2
Thailand,Netherlands,3
Thailand,New Zealand,2
Thailand,Norway,1
Thailand,Oman,1
Thailand,Pakistan,7
Thailand,Philippines,6
Thailand,Qatar,1
Thailand,Reunion,1
Thailand,Russia,18
Thailand,Singapore,24
Thailand,South Africa,2
Thailand,South Korea,21
Thailand,Spain,2
Thailand,Sri Lanka,3
Thailand,Sweden,1
Thailand,Switzerland,3
Thailand,Taiwan,8
Thailand,Thailand,143
Thailand,Turkey,2
Thailand,Ukraine,2
Thailand,United Arab Emirates,6
Thailand,United Kingdom,5
Thailand,United States of America,1
Thailand,Uzbekistan,1
Thailand,Vietnam,12
Togo,Belgium,6
Togo,Benin,2
Togo,Burkina Faso,2
Togo,Cote d'Ivoire,1
Togo,Ethiopia,2
Togo,France,1
Togo,Gabon,1
Togo,Ghana,2
Togo,Mali,3
Togo,Morocco,1
Togo,Nigeria,2
Togo,Senegal,2
Tonga,Australia,1
Tonga,Fiji,2
Tonga,New Zealand,2
Trinidad and Tobago,Antigua and Barbuda,1
Trinidad and Tobago,Barbados,4
Trinidad and Tobago,Canada,1
Trinidad and Tobago,Grenada,4
Trinidad and Tobago,Guyana,1
Trinidad and Tobago,Jamaica,1
Trinidad and Tobago,Netherlands Antilles,3
Trinidad and Tobago,Panama,1
Trinidad and Tobago,Saint Lucia,2
Trinidad and Tobago,Saint Vincent and the Grenadines,1
Trinidad and Tobago,Suriname,2
Trinidad and Tobago,Trinidad and Tobago,2
Trinidad and Tobago,United Kingdom,1
Trinidad and Tobago,United States of America,7
Trinidad and Tobago,Venezuela,2
Tunisia,Algeria,2
Tunisia,Austria,1
Tunisia,Belgium,2
Tunisia,Cote d'Ivoire,1
Tunisia,Egypt,2
Tunisia,France,32
Tunisia,Germany,17
Tunisia,Greece,1
Tunisia,Italy,8
Tunisia,Jordan,1
Tunisia,Kuwait,1
Tunisia,Lebanon,2
Tunisia,Libya,4
Tunisia,Luxembourg,1
Tunisia,Mali,1
Tunisia,Malta,1
Tunisia,Mauritania,1
Tunisia,Morocco,3
Tunisia,Netherlands,1
Tunisia,Portugal,1
Tunisia,Qatar,1
Tunisia,Russia,1
Tunisia,Saudi Arabia,2
Tunisia,Senegal,1
Tunisia,Serbia,1
Tunisia,Spain,2
Tunisia,Switzerland,4
Tunisia,Syria,2
Tunisia,Tunisia,19
Tunisia,Turkey,2
Tunisia,United Arab Emirates,2
Tunisia,United Kingdom,8
Turkey,Afghanistan,3
Turkey,Albania,1
Turkey,Algeria,2
Turkey,Armenia,1
Turkey,Austria,10
Turkey,Azerbaijan,4
Turkey,Bahrain,2
Turkey,Belarus,2
Turkey,Belgium,3
Turkey,Bosnia and Herzegovina,2
Turkey,Brazil,1
Turkey,Bulgaria,1
Turkey,Canada,1
Turkey,China,7
Turkey,Croatia,2
Turkey,Cyprus,14
Turkey,Czech Republic,1
Turkey,Denmark,2
Turkey,Egypt,4
Turkey,Ethiopia,2
Turkey,Finland,1
Turkey,France,9
Turkey,Georgia,4
Turkey,Germany,68
Turkey,Ghana,1
Turkey,Greece,6
Turkey,Hong Kong,1
Turkey,Hungary,2
Turkey,India,4
Turkey,Iran,16
Turkey,Iraq,8
Turkey,Ireland,1
Turkey,Israel,1
Turkey,Italy,12
Turkey,Japan,4
Turkey,Jordan,2
Turkey,Kazakhstan,6
Turkey,Kenya,2
Turkey,Kuwait,1
Turkey,Kyrgyzstan,2
Turkey,Latvia,2
Turkey,Lebanon,3
Turkey,Libya,3
Turkey,Macedonia,3
Turkey,Malaysia,2
Turkey,Malta,2
Turkey,Moldova,4
Turkey,Montenegro,1
Turkey,Morocco,3
Turkey,Netherlands,5
Turkey,Nigeria,1
Turkey,Norway,3
Turkey,Oman,1
Turkey,Pakistan,4
Turkey,Poland,2
Turkey,Portugal,2
Turkey,Qatar,3
Turkey,Romania,3
Turkey,Russia,17
Turkey,Saudi Arabia,10
Turkey,Serbia,4
Turkey,Singapore,2
Turkey,Slovenia,2
Turkey,South Africa,1
Turkey,South Korea,3
Turkey,Spain,7
Turkey,Sudan,1
Turkey,Sweden,3
Turkey,Switzerland,12
Turkey,Syria,4
Turkey,Tajikistan,2
Turkey,Tanzania,1
Turkey,Thailand,2
Turkey,Tunisia,2
Turkey,Turkey,200
Turkey,Turkmenistan,2
Turkey,Uganda,1
Turkey,Ukraine,14
Turkey,United Arab Emirates,7
Turkey,United Kingdom,12
Turkey,United States of America,7
Turkey,Uzbekistan,2
Turkmenistan,Azerbaijan,3
Turkmenistan,Belarus,1
Turkmenistan,China,1
Turkmenistan,Germany,1
Turkmenistan,India,2
Turkmenistan,Russia,2
Turkmenistan,Turkey,2
Turkmenistan,United Arab Emirates,2
Turkmenistan,United Kingdom,2
Turkmenistan,Uzbekistan,1
Turks and Caicos Islands,Bahamas,3
Turks and Caicos Islands,Canada,4
Turks and Caicos Islands,Dominican Republic,2
Turks and Caicos Islands,Haiti,2
Turks and Caicos Islands,Jamaica,1
Turks and Caicos Islands,Turks and Caicos Islands,6
Turks and Caicos Islands,United States of America,11
Tuvalu,Fiji,1
Uganda,Bahrain,1
Uganda,Belgium,6
Uganda,Egypt,1
Uganda,Ethiopia,6
Uganda,Kenya,3
Uganda,Netherlands,2
Uganda,Qatar,1
Uganda,Rwanda,7
Uganda,South Africa,1
Uganda,South Sudan,1
Uganda,Tanzania,2
Uganda,Turkey,1
Uganda,Uganda,2
Uganda,United Kingdom,1
Ukraine,Armenia,2
Ukraine,Austria,12
Ukraine,Azerbaijan,3
Ukraine,Belarus,2
Ukraine,Belgium,2
Ukraine,Bulgaria,2
Ukraine,Canada,1
Ukraine,China,2
Ukraine,Cyprus,1
Ukraine,Czech Republic,6
Ukraine,Denmark,3
Ukraine,Estonia,2
Ukraine,Finland,2
Ukraine,France,2
Ukraine,Georgia,6
Ukraine,Germany,13
Ukraine,Greece,1
Ukraine,Hungary,4
Ukraine,India,2
Ukraine,Iran,1
Ukraine,Israel,7
Ukraine,Italy,8
Ukraine,Jordan,2
Ukraine,Kazakhstan,5
Ukraine,Latvia,2
Ukraine,Lebanon,1
Ukraine,Lithuania,1
Ukraine,Moldova,2
Ukraine,Netherlands,2
Ukraine,Poland,8
Ukraine,Portugal,2
Ukraine,Romania,3
Ukraine,Russia,40
Ukraine,Spain,8
Ukraine,Sri Lanka,1
Ukraine,Sweden,1
Ukraine,Switzerland,3
Ukraine,Thailand,2
Ukraine,Turkey,14
Ukraine,Ukraine,46
Ukraine,United Arab Emirates,12
Ukraine,United Kingdom,5
Ukraine,United States of America,1
Ukraine,Uzbekistan,3
Ukraine,Vietnam,1
United Arab Emirates,Afghanistan,7
United Arab Emirates,Algeria,1
United Arab Emirates,Angola,3
United Arab Emirates,Armenia,2
United Arab Emirates,Australia,10
United Arab Emirates,Austria,2
United Arab Emirates,Azerbaijan,2
United Arab Emirates,Bahrain,11
United Arab Emirates,Bangladesh,13
United Arab Emirates,Belarus,1
United Arab Emirates,Belgium,4
United Arab Emirates,Brazil,2
United Arab Emirates,Brunei,1
United Arab Emirates,Bulgaria,1
United Arab Emirates,Canada,2
United Arab Emirates,China,13
United Arab Emirates,Cyprus,3
United Arab Emirates,Czech Republic,4
United Arab Emirates,Denmark,2
United Arab Emirates,Djibouti,1
United Arab Emirates,Egypt,14
United Arab Emirates,Ethiopia,3
United Arab Emirates,Finland,2
United Arab Emirates,France,6
United Arab Emirates,Georgia,2
United Arab Emirates,Germany,17
United Arab Emirates,Ghana,1
United Arab Emirates,Greece,4
United Arab Emirates,Hong Kong,3
United Arab Emirates,India,66
United Arab Emirates,Indonesia,4
United Arab Emirates,Iran,22
United Arab Emirates,Iraq,7
United Arab Emirates,Ireland,3
United Arab Emirates,Italy,5
United Arab Emirates,Japan,6
United Arab Emirates,Jordan,10
United Arab Emirates,Kazakhstan,5
United Arab Emirates,Kenya,5
United Arab Emirates,Kuwait,11
United Arab Emirates,Kyrgyzstan,2
United Arab Emirates,Latvia,1
United Arab Emirates,Lebanon,6
United Arab Emirates,Malaysia,5
United Arab Emirates,Maldives,2
United Arab Emirates,Mauritius,2
United Arab Emirates,Morocco,3
United Arab Emirates,Nepal,4
United Arab Emirates,Netherlands,8
United Arab Emirates,Nigeria,1
United Arab Emirates,Norway,1
United Arab Emirates,Oman,22
United Arab Emirates,Pakistan,41
United Arab Emirates,Philippines,4
United Arab Emirates,Qatar,8
United Arab Emirates,Romania,1
United Arab Emirates,Russia,19
United Arab Emirates,Rwanda,1
United Arab Emirates,Saudi Arabia,41
United Arab Emirates,Senegal,1
United Arab Emirates,Serbia,1
United Arab Emirates,Seychelles,2
United Arab Emirates,Singapore,7
United Arab Emirates,Somalia,2
United Arab Emirates,South Africa,10
United Arab Emirates,South Korea,4
United Arab Emirates,Spain,1
United Arab Emirates,Sri Lanka,9
United Arab Emirates,Sudan,9
United Arab Emirates,Sweden,1
United Arab Emirates,Switzerland,7
United Arab Emirates,Syria,10
United Arab Emirates,Tajikistan,2
United Arab Emirates,Tanzania,1
United Arab Emirates,Thailand,6
United Arab Emirates,Tunisia,2
United Arab Emirates,Turkey,7
United Arab Emirates,Turkmenistan,2
United Arab Emirates,Ukraine,12
United Arab Emirates,United Kingdom,20
United Arab Emirates,United States of America,13
United Arab Emirates,Uzbekistan,2
United Arab Emirates,Yemen,11
United Kingdom,Albania,2
United Kingdom,Algeria,2
United Kingdom,Angola,2
United Kingdom,Antigua and Barbuda,2
United Kingdom,Argentina,1
United Kingdom,Armenia,3
United Kingdom,Austria,29
United Kingdom,Azerbaijan,3
United Kingdom,Bahamas,1
United Kingdom,Bahrain,5
United Kingdom,Bangladesh,1
United Kingdom,Barbados,7
United Kingdom,Belarus,1
United Kingdom,Belgium,24
United Kingdom,Bermuda,1
United Kingdom,Brazil,6
United Kingdom,Bulgaria,9
United Kingdom,Canada,45
United Kingdom,Cape Verde,8
United Kingdom,China,7
United Kingdom,Croatia,6
United Kingdom,Cuba,4
United Kingdom,Cyprus,20
United Kingdom,Czech Republic,11
United Kingdom,Denmark,25
United Kingdom,Dominican Republic,3
United Kingdom,Egypt,45
United Kingdom,Estonia,4
United Kingdom,Ethiopia,2
United Kingdom,Finland,6
United Kingdom,France,123
United Kingdom,Gambia,3
United Kingdom,Germany,120
United Kingdom,Ghana,2
United Kingdom,Gibraltar,5
United Kingdom,Greece,10
United Kingdom,Guernsey,13
United Kingdom,Hong Kong,5
United Kingdom,Hungary,8
United Kingdom,Iceland,4
United Kingdom,India,19
United Kingdom,Iran,1
United Kingdom,Ireland,63
United Kingdom,Isle of Man,17
United Kingdom,Israel,5
United Kingdom,Italy,73
United Kingdom,Jamaica,5
United Kingdom,Japan,5
United Kingdom,Jersey,12
United Kingdom,Jordan,4
United Kingdom,Kazakhstan,2
United Kingdom,Kenya,4
United Kingdom,Kuwait,2
United Kingdom,Latvia,8
United Kingdom,Lebanon,3
United Kingdom,Lithuania,11
United Kingdom,Luxembourg,3
United Kingdom,Macedonia,1
United Kingdom,Malaysia,3
United Kingdom,Maldives,2
United Kingdom,Malta,18
United Kingdom,Mauritius,2
United Kingdom,Mexico,7
United Kingdom,Morocco,13
United Kingdom,Netherlands,49
United Kingdom,Nigeria,5
United Kingdom,Norway,36
United Kingdom,Oman,2
United Kingdom,Pakistan,7
United Kingdom,Poland,62
United Kingdom,Portugal,42
United Kingdom,Qatar,4
United Kingdom,Romania,7
United Kingdom,Russia,8
United Kingdom,Saint Lucia,2
United Kingdom,Saudi Arabia,6
United Kingdom,Serbia,3
United Kingdom,Sierra Leone,1
United Kingdom,Singapore,5
United Kingdom,Slovakia,6
United Kingdom,Slovenia,1
United Kingdom,South Africa,8
United Kingdom,South Korea,2
United Kingdom,Spain,289
United Kingdom,Sri Lanka,1
United Kingdom,Sweden,28
United Kingdom,Switzerland,60
United Kingdom,Syria,3
United Kingdom,Taiwan,1
United Kingdom,Tanzania,1
United Kingdom,Thailand,5
United Kingdom,Trinidad and Tobago,1
United Kingdom,Tunisia,8
United Kingdom,Turkey,12
United Kingdom,Turkmenistan,2
United Kingdom,Uganda,1
United Kingdom,Ukraine,5
United Kingdom,United Arab Emirates,20
United Kingdom,United Kingdom,352
United Kingdom,United States of America,159
United Kingdom,Uzbekistan,1
United Kingdom,Vietnam,2
United Kingdom,Zambia,1
United Kingdom,Zimbabwe,1
United States of America,American Samoa,1
United States of America,Antigua and Barbuda,8
United States of America,Argentina,13
United States of America,Aruba,21
United States of America,Australia,30
United States of America,Austria,5
United States of America,Azerbaijan,1
United States of America,Bahamas,71
United States of America,Barbados,6
United States of America,Belgium,22
United States of America,Belize,9
United States of America,Bermuda,8
United States of America,Bolivia,2
United States of America,Brazil,52
United States of America,Canada,399
United States of America,Cape Verde,1
United States of America,Cayman Islands,19
United States of America,Chile,9
United States of America,China,49
United States of America,Colombia,27
United States of America,Cook Islands,3
United States of America,Costa Rica,39
United States of America,Czech Republic,2
United States of America,Denmark,8
United States of America,Dominican Republic,43
United States of America,Ecuador,10
United States of America,Egypt,2
United States of America,El Salvador,32
United States of America,Ethiopia,1
United States of America,Fiji,7
United States of America,Finland,2
United States of America,France,77
United States of America,French Polynesia,6
United States of America,Germany,115
United States of America,Ghana,5
United States of America,Greece,2
United States of America,Grenada,3
United States of America,Guam,2
United States of America,Guatemala,23
United States of America,Guyana,1
United States of America,Haiti,9
United States of America,Honduras,20
United States of America,Hong Kong,21
United States of America,Iceland,4
United States of America,India,9
United States of America,Ireland,20
United States of America,Israel,7
United States of America,Italy,30
United States of America,Jamaica,38
United States of America,Japan,86
United States of America,Jordan,6
United States of America,Kiribati,2
United States of America,Kuwait,3
United States of America,Latvia,1
United States of America,Marshall Islands,2
United States of America,Mexico,341
United States of America,Morocco,2
United States of America,Netherlands,46
United States of America,Netherlands Antilles,24
United States of America,New Zealand,13
United States of America,Nicaragua,9
United States of America,Nigeria,4
United States of America,Norway,3
United States of America,Pakistan,1
United States of America,Panama,28
United States of America,Peru,17
United States of America,Philippines,2
United States of America,Poland,6
United States of America,Portugal,10
United States of America,Puerto Rico,46
United States of America,Qatar,6
United States of America,Russia,17
United States of America,Saint Kitts and Nevis,4
United States of America,Saint Lucia,5
United States of America,Samoa,1
United States of America,Saudi Arabia,4
United States of America,Senegal,3
United States of America,Singapore,4
United States of America,South Africa,3
United States of America,South Korea,40
United States of America,Spain,49
United States of America,Sweden,5
United States of America,Switzerland,29
United States of America,Taiwan,17
United States of America,Thailand,1
United States of America,Trinidad and Tobago,7
United States of America,Turkey,7
United States of America,Turks and Caicos Islands,11
United States of America,Ukraine,1
United States of America,United Arab Emirates,13
United States of America,United Kingdom,161
United States of America,United States,9638
United States of America,Uruguay,1
United States of America,Venezuela,9
United States of America,Virgin Islands,21
Uruguay,Argentina,11
Uruguay,Brazil,14
Uruguay,Chile,2
Uruguay,Panama,1
Uruguay,Paraguay,3
Uruguay,Peru,1
Uruguay,Spain,2
Uruguay,United States of America,1
Uzbekistan,Azerbaijan,1
Uzbekistan,China,2
Uzbekistan,Egypt,1
Uzbekistan,France,1
Uzbekistan,Germany,1
Uzbekistan,India,2
Uzbekistan,Iran,1
Uzbekistan,Israel,1
Uzbekistan,Italy,2
Uzbekistan,Japan,1
Uzbekistan,Kazakhstan,4
Uzbekistan,Kyrgyzstan,3
Uzbekistan,Latvia,2
Uzbekistan,Malaysia,2
Uzbekistan,Pakistan,1
Uzbekistan,Russia,79
Uzbekistan,South Korea,3
Uzbekistan,Spain,1
Uzbekistan,Thailand,1
Uzbekistan,Turkey,2
Uzbekistan,Turkmenistan,1
Uzbekistan,Ukraine,3
Uzbekistan,United Arab Emirates,2
Uzbekistan,United Kingdom,1
Uzbekistan,Uzbekistan,22
Vanuatu,Australia,7
Vanuatu,Fiji,3
Vanuatu,New Caledonia,2
Vanuatu,New Zealand,2
Vanuatu,Solomon Islands,3
Vanuatu,Vanuatu,73
Venezuela,Argentina,2
Venezuela,Aruba,3
Venezuela,Brazil,2
Venezuela,Canada,1
Venezuela,Chile,1
Venezuela,Colombia,5
Venezuela,Costa Rica,2
Venezuela,Cuba,2
Venezuela,Dominican Republic,1
Venezuela,Ecuador,4
Venezuela,France,1
Venezuela,Germany,1
Venezuela,Grenada,1
Venezuela,Italy,1
Venezuela,Mexico,1
Venezuela,Netherlands Antilles,6
Venezuela,Panama,4
Venezuela,Peru,2
Venezuela,Portugal,3
Venezuela,Puerto Rico,1
Venezuela,Saint Vincent and the Grenadines,1
Venezuela,Spain,5
Venezuela,Syria,1
Venezuela,Trinidad and Tobago,2
Venezuela,United States of America,9
Venezuela,Venezuela,96
Vietnam,Australia,6
Vietnam,Myanmar,2
Vietnam,Cambodia,7
Vietnam,China,15
Vietnam,France,6
Vietnam,Germany,4
Vietnam,Hong Kong,10
Vietnam,Indonesia,1
Vietnam,Japan,16
Vietnam,Laos,5
Vietnam,Malaysia,7
Vietnam,Philippines,3
Vietnam,Poland,1
Vietnam,Russia,7
Vietnam,Singapore,12
Vietnam,South Korea,13
Vietnam,Taiwan,15
Vietnam,Thailand,12
Vietnam,Ukraine,1
Vietnam,United Kingdom,2
Vietnam,Vietnam,107
Virgin Islands,Anguilla,1
Virgin Islands,British Virgin Islands,1
Virgin Islands,France,1
Virgin Islands,Netherlands Antilles,2
Virgin Islands,Puerto Rico,11
Virgin Islands,United States of America,22
Virgin Islands,Virgin Islands,4
Wallis and Futuna,Fiji,1
Wallis and Futuna,New Caledonia,1
Wallis and Futuna,Wallis and Futuna,2
Western Sahara,Morocco,4
Western Sahara,Western Sahara,2
Yemen,Bahrain,4
Yemen,Djibouti,3
Yemen,Egypt,5
Yemen,Eritrea,1
Yemen,Ethiopia,1
Yemen,India,2
Yemen,Jordan,4
Yemen,Kenya,1
Yemen,Kuwait,2
Yemen,Lebanon,1
Yemen,Qatar,3
Yemen,Saudi Arabia,18
Yemen,Somalia,4
Yemen,Sudan,1
Yemen,Syria,2
Yemen,United Arab Emirates,11
Yemen,Yemen,43
Zambia,Angola,1
Zambia,Botswana,1
Zambia,Congo,1
Zambia,Ethiopia,1
Zambia,Kenya,5
Zambia,Malawi,4
Zambia,Namibia,1
Zambia,South Africa,6
Zambia,United Kingdom,1
Zambia,Zambia,9
Zambia,Zimbabwe,5
Zimbabwe,Botswana,1
Zimbabwe,Congo,1
Zimbabwe,Ethiopia,1
Zimbabwe,Kenya,2
Zimbabwe,Malawi,2
Zimbabwe,Malaysia,1
Zimbabwe,Namibia,1
Zimbabwe,South Africa,6
Zimbabwe,United Kingdom,1
Zimbabwe,Zambia,4
Zimbabwe,Zimbabwe,4
